Pokémon,Final evo,Type 1,Type 2,Ability 1,Ability 2,Hidden ability,Dex #,HP,Attack,Defense,Sp.Attack,Sp.Defense,Speed
Bulbasaur,Venusaur,Grass,Poison,Overgrow,,Chlorophyll,1,45,49,49,65,65,45
Ivysaur,Venusaur,Grass,Poison,Overgrow,,Chlorophyll,2,60,62,63,80,80,60
Venusaur,Venusaur,Grass,Poison,Overgrow,,Chlorophyll,3,80,82,83,100,100,80
Venusaur-Mega,Venusaur,Grass,Poison,Thick Fat,,,3,80,100,123,122,120,80
Charmander,Charizard,Fire,Fire,Blaze,,Solar Power,4,39,52,43,60,50,65
Charmeleon,Charizard,Fire,Fire,Blaze,,Solar Power,5,58,64,58,80,65,80
Charizard,Charizard,Fire,Flying,Blaze,,Solar Power,6,78,84,78,109,85,100
Charizard-Mega-X,Charizard,Fire,Dragon,Tough Claws,,,6,78,130,111,130,85,100
Charizard-Mega-Y,Charizard,Fire,Flying,Drought,,,6,78,104,78,159,115,100
Squirtle,Blastoise,Water,Water,Torrent,,Rain Dish,7,44,48,65,50,64,43
Wartortle,Blastoise,Water,Water,Torrent,,Rain Dish,8,59,63,80,65,80,58
Blastoise,Blastoise,Water,Water,Torrent,,Rain Dish,9,79,83,100,85,105,78
Blastoise-Mega,Blastoise,Water,Water,Mega Launcher,,,9,79,103,120,135,115,78
Caterpie,Butterfree,Bug,Bug,Shield Dust,,Run Away,10,45,30,35,20,20,45
Metapod,Butterfree,Bug,Bug,Shed Skin,,,11,50,20,55,25,25,30
Butterfree,Butterfree,Bug,Flying,Compound Eyes,,Tinted Lens,12,60,45,50,90,80,70
Weedle,Beedrill,Bug,Poison,Shield Dust,,Run Away,13,40,35,30,20,20,50
Kakuna,Beedrill,Bug,Poison,Shed Skin,,,14,45,25,50,25,25,35
Beedrill,Beedrill,Bug,Poison,Swarm,,Sniper,15,65,90,40,45,80,75
Beedrill-Mega,Beedrill,Bug,Poison,Adaptability,,,15,65,150,40,15,80,145
Pidgey,Pidgeot,Normal,Flying,Keen Eye,Tangled Feet,Big Pecks,16,40,45,40,35,35,56
Pidgeotto,Pidgeot,Normal,Flying,Keen Eye,Tangled Feet,Big Pecks,17,63,60,55,50,50,71
Pidgeot,Pidgeot,Normal,Flying,Keen Eye,Tangled Feet,Big Pecks,18,83,80,75,70,70,101
Pidgeot-Mega,Pidgeot,Normal,Flying,No Guard,,,18,83,80,80,135,80,121
Rattata,Raticate,Normal,Normal,Run Away,Guts,Hustle,19,30,56,35,25,35,72
Rattata-Alola,Raticate-Alola,Dark,Normal,Gluttony,Hustle,Thick Fat,19,30,56,35,25,35,72
Raticate,Raticate,Normal,Normal,Run Away,Guts,Hustle,20,55,81,60,50,70,97
Raticate-Alola,Raticate-Alola,Dark,Normal,Gluttony,Hustle,Thick Fat,20,75,71,70,40,80,77
Spearow,Fearow,Normal,Flying,Keen Eye,,Sniper,21,40,60,30,31,31,70
Fearow,Fearow,Normal,Flying,Keen Eye,,Sniper,22,65,90,65,61,61,100
Ekans,Arbok,Poison,Poison,Intimidate,Shed Skin,Unnerve,23,35,60,44,40,54,55
Arbok,Arbok,Poison,Poison,Intimidate,Shed Skin,Unnerve,24,60,95,69,65,79,80
Pikachu,Pikachu,Electric,Electric,Static,,Lightning Rod,25,35,55,40,50,50,90
Pikachu-Partner,Pikachu-Partner,Electric,Electric,Static,,Lightning Rod,25,45,80,50,75,60,120
Raichu,Raichu,Electric,Electric,Static,,Lightning Rod,26,60,90,55,90,80,110
Raichu-Alola,Raichu-Alola,Electric,Psychic,Surge Surfer,,,26,60,85,50,95,85,110
Sandshrew,Sandslash,Ground,Ground,Sand Veil,,Sand Rush,27,50,75,85,20,30,40
Sandshrew-Alola,Sandslash-Alola,Ice,Steel,Snow Cloak,,Slush Rush,27,50,75,90,10,35,40
Sandslash,Sandslash,Ground,Ground,Sand Veil,,Sand Rush,28,75,100,110,45,55,65
Sandslash-Alola,Sandslash-Alola,Ice,Steel,Snow Cloak,,Slush Rush,28,75,100,120,25,65,65
Nidoran♀,Nidoqueen,Poison,Poison,Poison Point,Rivalry,Hustle,29,55,47,52,40,40,41
Nidorina,Nidoqueen,Poison,Poison,Poison Point,Rivalry,Hustle,30,70,62,67,55,55,56
Nidoqueen,Nidoqueen,Poison,Ground,Poison Point,Rivalry,Sheer Force,31,90,92,87,75,85,76
Nidoran♂,Nidoking,Poison,Poison,Poison Point,Rivalry,Hustle,32,46,57,40,40,40,50
Nidorino,Nidoking,Poison,Poison,Poison Point,Rivalry,Hustle,33,61,72,57,55,55,65
Nidoking,Nidoking,Poison,Ground,Poison Point,Rivalry,Sheer Force,34,81,102,77,85,75,85
Clefairy,Clefable,Fairy,Fairy,Cute Charm,Magic Guard,Friend Guard,35,70,45,48,60,65,35
Clefable,Clefable,Fairy,Fairy,Cute Charm,Magic Guard,Unaware,36,95,70,73,95,90,60
Vulpix,Ninetales,Fire,Fire,Flash Fire,,Drought,37,38,41,40,50,65,65
Vulpix-Alola,Ninetales-Alola,Ice,Ice,Snow Cloak,,Snow Warning,37,38,41,40,50,65,65
Ninetales,Ninetales,Fire,Fire,Flash Fire,,Drought,38,73,76,75,81,100,100
Ninetales-Alola,Ninetales-Alola,Ice,Fairy,Snow Cloak,,Snow Warning,38,73,67,75,81,100,109
Jigglypuff,Wigglytuff,Normal,Fairy,Cute Charm,Competitive,Friend Guard,39,115,45,20,45,25,20
Wigglytuff,Wigglytuff,Normal,Fairy,Cute Charm,Competitive,Frisk,40,140,70,45,85,50,45
Zubat,Crobat,Poison,Flying,Inner Focus,,Infiltrator,41,40,45,35,30,40,55
Golbat,Crobat,Poison,Flying,Inner Focus,,Infiltrator,42,75,80,70,65,75,90
Oddish,Gloom,Grass,Poison,Chlorophyll,,Run Away,43,45,50,55,75,65,30
Gloom,Gloom,Grass,Poison,Chlorophyll,,Stench,44,60,65,70,85,75,40
Vileplume,Vileplume,Grass,Poison,Chlorophyll,,Effect Spore,45,75,80,85,110,90,50
Paras,Parasect,Bug,Grass,Effect Spore,Dry Skin,Damp,46,35,70,55,45,55,25
Parasect,Parasect,Bug,Grass,Effect Spore,Dry Skin,Damp,47,60,95,80,60,80,30
Venonat,Venomoth,Bug,Poison,Compound Eyes,Tinted Lens,Run Away,48,60,55,50,40,55,45
Venomoth,Venomoth,Bug,Poison,Shield Dust,Tinted Lens,Wonder Skin,49,70,65,60,90,75,90
Diglett,Dugtrio,Ground,Ground,Sand Veil,Arena Trap,Sand Force,50,10,55,25,35,45,95
Diglett-Alola,Dugtrio-Alola,Ground,Steel,Sand Veil,Tangling Hair,Sand Force,50,10,55,30,35,45,90
Dugtrio,Dugtrio,Ground,Ground,Sand Veil,Arena Trap,Sand Force,51,35,100,50,50,70,120
Dugtrio-Alola,Dugtrio-Alola,Ground,Steel,Sand Veil,Tangling Hair,Sand Force,51,35,100,60,50,70,110
Meowth,Persian,Normal,Normal,Pickup,Technician,Unnerve,52,40,45,35,40,40,90
Meowth-Alola,Persian-Alola,Dark,Dark,Pickup,Technician,Rattled,52,40,35,35,50,40,90
Meowth-Galar,Perrserker,Steel,Steel,Pickup,Tough Claws,Unnerve,52,50,65,55,40,40,40
Persian,Persian,Normal,Normal,Limber,Technician,Unnerve,53,65,70,60,65,65,115
Persian-Alola,Persian-Alola,Dark,Dark,Fur Coat,Technician,Rattled,53,65,60,60,75,65,115
Psyduck,Golduck,Water,Water,Damp,Cloud Nine,Swift Swim,54,50,52,48,65,50,55
Golduck,Golduck,Water,Water,Damp,Cloud Nine,Swift Swim,55,80,82,78,95,80,85
Mankey,Annihilape,Fighting,Fighting,Vital Spirit,Anger Point,Defiant,56,40,80,35,35,45,70
Primeape,Annihilape,Fighting,Fighting,Vital Spirit,Anger Point,Defiant,57,65,105,60,60,70,95
Growlithe,Arcanine-Hisui,Fire,Fire,Intimidate,Flash Fire,Justified,58,55,70,45,70,50,60
Growlithe-Hisui,Arcanine-Hisui,Fire,Rock,Intimidate,Flash Fire,Rock Head,58,60,75,45,65,50,55
Arcanine,Arcanine,Fire,Fire,Intimidate,Flash Fire,Justified,59,90,110,80,100,80,95
Arcanine-Hisui,Arcanine-Hisui,Fire,Rock,Intimidate,Flash Fire,Rock Head,59,95,115,80,95,80,90
Poliwag,Poliwhirl,Water,Water,Water Absorb,Damp,Swift Swim,60,40,50,40,40,40,90
Poliwhirl,Poliwhirl,Water,Water,Water Absorb,Damp,Swift Swim,61,65,65,65,50,50,90
Poliwrath,Poliwrath,Water,Fighting,Water Absorb,Damp,Swift Swim,62,90,95,95,70,90,70
Abra,Alakazam,Psychic,Psychic,Synchronize,Inner Focus,Magic Guard,63,25,20,15,105,55,90
Kadabra,Alakazam,Psychic,Psychic,Synchronize,Inner Focus,Magic Guard,64,40,35,30,120,70,105
Alakazam,Alakazam,Psychic,Psychic,Synchronize,Inner Focus,Magic Guard,65,55,50,45,135,95,120
Alakazam-Mega,Alakazam,Psychic,Psychic,Trace,,,65,55,50,65,175,105,150
Machop,Machamp,Fighting,Fighting,Guts,No Guard,Steadfast,66,70,80,50,35,35,35
Machoke,Machamp,Fighting,Fighting,Guts,No Guard,Steadfast,67,80,100,70,50,60,45
Machamp,Machamp,Fighting,Fighting,Guts,No Guard,Steadfast,68,90,130,80,65,85,55
Bellsprout,Victreebel,Grass,Poison,Chlorophyll,,Gluttony,69,50,75,35,70,30,40
Weepinbell,Victreebel,Grass,Poison,Chlorophyll,,Gluttony,70,65,90,50,85,45,55
Victreebel,Victreebel,Grass,Poison,Chlorophyll,,Gluttony,71,80,105,65,100,70,70
Tentacool,Tentacruel,Water,Poison,Clear Body,Liquid Ooze,Rain Dish,72,40,40,35,50,100,70
Tentacruel,Tentacruel,Water,Poison,Clear Body,Liquid Ooze,Rain Dish,73,80,70,65,80,120,100
Geodude,Golem,Rock,Ground,Rock Head,Sturdy,Sand Veil,74,40,80,100,30,30,20
Geodude-Alola,Golem-Alola,Rock,Electric,Magnet Pull,Sturdy,Galvanize,74,40,80,100,30,30,20
Graveler,Golem,Rock,Ground,Rock Head,Sturdy,Sand Veil,75,55,95,115,45,45,35
Graveler-Alola,Golem-Alola,Rock,Electric,Magnet Pull,Sturdy,Galvanize,75,55,95,115,45,45,35
Golem,Golem,Rock,Ground,Rock Head,Sturdy,Sand Veil,76,80,120,130,55,65,45
Golem-Alola,Golem-Alola,Rock,Electric,Magnet Pull,Sturdy,Galvanize,76,80,120,130,55,65,45
Ponyta,Rapidash,Fire,Fire,Run Away,Flash Fire,Flame Body,77,50,85,55,65,65,90
Ponyta-Galar,Rapidash-Galar,Psychic,Psychic,Run Away,Pastel Veil,Anticipation,77,50,85,55,65,65,90
Rapidash,Rapidash,Fire,Fire,Run Away,Flash Fire,Flame Body,78,65,100,70,80,80,105
Rapidash-Galar,Rapidash-Galar,Psychic,Fairy,Run Away,Pastel Veil,Anticipation,78,65,100,70,80,80,105
Slowpoke,Slowpoke,Water,Psychic,Oblivious,Own Tempo,Regenerator,79,90,65,65,40,40,15
Slowpoke-Galar,Slowpoke-Galar,Psychic,Psychic,Gluttony,Own Tempo,Regenerator,79,90,65,65,40,40,15
Slowbro,Slowbro,Water,Psychic,Oblivious,Own Tempo,Regenerator,80,95,75,110,100,80,30
Slowbro-Mega,Slowbro-Mega,Water,Psychic,Shell Armor,,,80,95,75,180,130,80,30
Slowbro-Galar,Slowbro-Galar,Poison,Psychic,Quick Draw,Own Tempo,Regenerator,80,95,100,95,100,70,30
Magnemite,Magnezone,Electric,Steel,Magnet Pull,Sturdy,Analytic,81,25,35,70,95,55,45
Magneton,Magnezone,Electric,Steel,Magnet Pull,Sturdy,Analytic,82,50,60,95,120,70,70
Farfetch'd,Farfetch'd,Normal,Flying,Keen Eye,Inner Focus,Defiant,83,52,90,55,58,62,60
Farfetch'd-Galar,Sirfetch'd,Fighting,Fighting,Steadfast,,Scrappy,83,52,95,55,58,62,55
Doduo,Dodrio,Normal,Flying,Run Away,Early Bird,Tangled Feet,84,35,85,45,35,35,75
Dodrio,Dodrio,Normal,Flying,Run Away,Early Bird,Tangled Feet,85,60,110,70,60,60,110
Seel,Dewgong,Water,Water,Thick Fat,Hydration,Ice Body,86,65,45,55,45,70,45
Dewgong,Dewgong,Water,Ice,Thick Fat,Hydration,Ice Body,87,90,70,80,70,95,70
Grimer,Muk,Poison,Poison,Stench,Sticky Hold,Poison Touch,88,80,80,50,40,50,25
Grimer-Alola,Muk-Alola,Poison,Dark,Poison Touch,Gluttony,Power of Alchemy,88,80,80,50,40,50,25
Muk,Muk,Poison,Poison,Stench,Sticky Hold,Poison Touch,89,105,105,75,65,100,50
Muk-Alola,Muk-Alola,Poison,Dark,Poison Touch,Gluttony,Power of Alchemy,89,105,105,75,65,100,50
Shellder,Cloyster,Water,Water,Shell Armor,Skill Link,Overcoat,90,30,65,100,45,25,40
Cloyster,Cloyster,Water,Ice,Shell Armor,Skill Link,Overcoat,91,50,95,180,85,45,70
Gastly,Gengar,Ghost,Poison,Levitate,,,92,30,35,30,100,35,80
Haunter,Gengar,Ghost,Poison,Levitate,,,93,45,50,45,115,55,95
Gengar,Gengar,Ghost,Poison,Cursed Body,,,94,60,65,60,130,75,110
Gengar-Mega,Gengar,Ghost,Poison,Shadow Tag,,,94,60,65,80,170,95,130
Onix,Steelix,Rock,Ground,Rock Head,Sturdy,Weak Armor,95,35,45,160,30,45,70
Drowzee,Hypno,Psychic,Psychic,Insomnia,Forewarn,Inner Focus,96,60,48,45,43,90,42
Hypno,Hypno,Psychic,Psychic,Insomnia,Forewarn,Inner Focus,97,85,73,70,73,115,67
Krabby,Kingler,Water,Water,Hyper Cutter,Shell Armor,Sheer Force,98,30,105,90,25,25,50
Kingler,Kingler,Water,Water,Hyper Cutter,Shell Armor,Sheer Force,99,55,130,115,50,50,75
Voltorb,Electrode-Hisui,Electric,Electric,Soundproof,Static,Aftermath,100,40,30,50,55,55,100
Voltorb-Hisui,Electrode-Hisui,Electric,Grass,Soundproof,Static,Aftermath,100,40,30,50,55,55,100
Electrode,Electrode,Electric,Electric,Soundproof,Static,Aftermath,101,60,50,70,80,80,150
Electrode-Hisui,Electrode-Hisui,Electric,Grass,Soundproof,Static,Aftermath,101,60,50,70,80,80,150
Exeggcute,Exeggcute,Grass,Psychic,Chlorophyll,,Harvest,102,60,40,80,60,45,40
Exeggutor,Exeggutor,Grass,Psychic,Chlorophyll,,Harvest,103,95,95,85,125,75,55
Exeggutor-Alola,Exeggutor-Alola,Grass,Dragon,Frisk,,Harvest,103,95,105,85,125,75,45
Cubone,Cubone,Ground,Ground,Rock Head,Lightning Rod,Battle Armor,104,50,50,95,40,50,35
Marowak,Marowak,Ground,Ground,Rock Head,Lightning Rod,Battle Armor,105,60,80,110,50,80,45
Marowak-Alola,Marowak-Alola,Fire,Ghost,Cursed Body,Lightning Rod,Rock Head,105,60,80,110,50,80,45
Hitmonlee,Hitmonlee,Fighting,Fighting,Limber,Reckless,Unburden,106,50,120,53,35,110,87
Hitmonchan,Hitmonchan,Fighting,Fighting,Keen Eye,Iron Fist,Inner Focus,107,50,105,79,35,110,76
Lickitung,Lickilicky,Normal,Normal,Own Tempo,Oblivious,Cloud Nine,108,90,55,75,60,75,30
Koffing,Koffing,Poison,Poison,Levitate,Neutralizing Gas,Stench,109,40,65,95,60,45,35
Weezing,Weezing,Poison,Poison,Levitate,Neutralizing Gas,Stench,110,65,90,120,85,70,60
Weezing-Galar,Weezing-Galar,Poison,Fairy,Levitate,Neutralizing Gas,Misty Surge,110,65,90,120,85,70,60
Rhyhorn,Rhyperior,Ground,Rock,Lightning Rod,Rock Head,Reckless,111,80,85,95,30,30,25
Rhydon,Rhyperior,Ground,Rock,Lightning Rod,Rock Head,Reckless,112,105,130,120,45,45,40
Chansey,Blissey,Normal,Normal,Natural Cure,Serene Grace,Healer,113,250,5,5,35,105,50
Tangela,Tangrowth,Grass,Grass,Chlorophyll,Leaf Guard,Regenerator,114,65,55,115,100,40,60
Kangaskhan,Kangaskhan,Normal,Normal,Early Bird,Scrappy,Inner Focus,115,105,95,80,40,80,90
Kangaskhan-Mega,Kangaskhan-Mega,Normal,Normal,Parental Bond,,,115,105,125,100,60,100,100
Horsea,Kingdra,Water,Water,Swift Swim,Sniper,Damp,116,30,40,70,70,25,60
Seadra,Kingdra,Water,Water,Poison Point,Sniper,Damp,117,55,65,95,95,45,85
Goldeen,Seaking,Water,Water,Swift Swim,Water Veil,Lightning Rod,118,45,67,60,35,50,63
Seaking,Seaking,Water,Water,Swift Swim,Water Veil,Lightning Rod,119,80,92,65,65,80,68
Staryu,Starmie,Water,Water,Illuminate,Natural Cure,Analytic,120,30,45,55,70,55,85
Starmie,Starmie,Water,Psychic,Illuminate,Natural Cure,Analytic,121,60,75,85,100,85,115
Mr. Mime,Mr. Mime,Psychic,Fairy,Soundproof,Filter,Technician,122,40,45,65,100,120,90
Mr. Mime-Galar,Mr. Mime-Galar,Ice,Psychic,Vital Spirit,Screen Cleaner,Ice Body,122,50,65,65,90,90,100
Scyther,Scyther,Bug,Flying,Swarm,Technician,Steadfast,123,70,110,80,55,80,105
Jynx,Jynx,Ice,Psychic,Oblivious,Forewarn,Dry Skin,124,65,50,35,115,95,95
Electabuzz,Electivire,Electric,Electric,Static,,Vital Spirit,125,65,83,57,95,85,105
Magmar,Magmortar,Fire,Fire,Flame Body,,Vital Spirit,126,65,95,57,100,85,93
Pinsir,Pinsir,Bug,Bug,Hyper Cutter,Mold Breaker,Moxie,127,65,125,100,55,70,85
Pinsir-Mega,Pinsir-Mega,Bug,Flying,Aerilate,,,127,65,155,120,65,90,105
Tauros,Tauros,Normal,Normal,Intimidate,Anger Point,Sheer Force,128,75,100,95,40,70,110
Tauros-Paldea,Tauros-Paldea,Fighting,Fighting,Intimidate,Anger Point,Cud Chew,128,75,110,105,30,70,100
Tauros-Paldea-Fire,Tauros-Paldea-Fire,Fighting,Fire,Intimidate,Anger Point,Cud Chew,128,75,110,105,30,70,100
Tauros-Paldea-Water,Tauros-Paldea-Water,Fighting,Water,Intimidate,Anger Point,Cud Chew,128,75,110,105,30,70,100
Magikarp,Gyarados,Water,Water,Swift Swim,,Rattled,129,20,10,55,15,20,80
Gyarados,Gyarados,Water,Flying,Intimidate,,Moxie,130,95,125,79,60,100,81
Gyarados-Mega,Gyarados,Water,Dark,Mold Breaker,,,130,95,155,109,70,130,81
Lapras,Lapras,Water,Ice,Water Absorb,Shell Armor,Hydration,131,130,85,80,85,95,60
Ditto,Ditto,Normal,Normal,Limber,,Imposter,132,48,48,48,48,48,48
Eevee,Sylveon,Normal,Normal,Run Away,Adaptability,Anticipation,133,55,55,50,45,65,55
Eevee-Partner,Eevee-Partner,Normal,Normal,Run Away,Adaptability,Anticipation,133,65,75,70,65,85,75
Vaporeon,Vaporeon,Water,Water,Water Absorb,,Hydration,134,130,65,60,110,95,65
Jolteon,Jolteon,Electric,Electric,Volt Absorb,,Quick Feet,135,65,65,60,110,95,130
Flareon,Flareon,Fire,Fire,Flash Fire,,Guts,136,65,130,60,95,110,65
Porygon,Porygon-Z,Normal,Normal,Trace,Download,Analytic,137,65,60,70,85,75,40
Omanyte,Omastar,Rock,Water,Swift Swim,Shell Armor,Weak Armor,138,35,40,100,90,55,35
Omastar,Omastar,Rock,Water,Swift Swim,Shell Armor,Weak Armor,139,70,60,125,115,70,55
Kabuto,Kabutops,Rock,Water,Swift Swim,Battle Armor,Weak Armor,140,30,80,90,55,45,55
Kabutops,Kabutops,Rock,Water,Swift Swim,Battle Armor,Weak Armor,141,60,115,105,65,70,80
Aerodactyl,Aerodactyl,Rock,Flying,Rock Head,Pressure,Unnerve,142,80,105,65,60,75,130
Aerodactyl-Mega,Aerodactyl-Mega,Rock,Flying,Tough Claws,,,142,80,135,85,70,95,150
Snorlax,Snorlax,Normal,Normal,Immunity,Thick Fat,Gluttony,143,160,110,65,65,110,30
Articuno,Articuno,Ice,Flying,Pressure,,Snow Cloak,144,90,85,100,95,125,85
Articuno-Galar,Articuno-Galar,Psychic,Flying,Competitive,,,144,90,85,85,125,100,95
Zapdos,Zapdos,Electric,Flying,Pressure,,Static,145,90,90,85,125,90,100
Zapdos-Galar,Zapdos-Galar,Fighting,Flying,Defiant,,,145,90,125,90,85,90,100
Moltres,Moltres,Fire,Flying,Pressure,,Flame Body,146,90,100,90,125,85,90
Moltres-Galar,Moltres-Galar,Dark,Flying,Berserk,,,146,90,85,90,100,125,90
Dratini,Dragonite,Dragon,Dragon,Shed Skin,,Marvel Scale,147,41,64,45,50,50,50
Dragonair,Dragonite,Dragon,Dragon,Shed Skin,,Marvel Scale,148,61,84,65,70,70,70
Dragonite,Dragonite,Dragon,Flying,Inner Focus,,Multiscale,149,91,134,95,100,100,80
Mewtwo,Mewtwo,Psychic,Psychic,Pressure,,Unnerve,150,106,110,90,154,90,130
Mewtwo-Mega-X,Mewtwo-Mega-X,Psychic,Fighting,Steadfast,,,150,106,190,100,154,100,130
Mewtwo-Mega-Y,Mewtwo-Mega-Y,Psychic,Psychic,Insomnia,,,150,106,150,70,194,120,140
Mew,Mew,Psychic,Psychic,Synchronize,,,151,100,100,100,100,100,100
Chikorita,Meganium,Grass,Grass,Overgrow,,Leaf Guard,152,45,49,65,49,65,45
Bayleef,Meganium,Grass,Grass,Overgrow,,Leaf Guard,153,60,62,80,63,80,60
Meganium,Meganium,Grass,Grass,Overgrow,,Leaf Guard,154,80,82,100,83,100,80
Cyndaquil,Quilava,Fire,Fire,Blaze,,Flash Fire,155,39,52,43,60,50,65
Quilava,Quilava,Fire,Fire,Blaze,,Flash Fire,156,58,64,58,80,65,80
Typhlosion,Typhlosion,Fire,Fire,Blaze,,Flash Fire,157,78,84,78,109,85,100
Typhlosion-Hisui,Typhlosion-Hisui,Fire,Ghost,Blaze,,Frisk,157,73,84,78,119,85,95
Totodile,Feraligatr,Water,Water,Torrent,,Sheer Force,158,50,65,64,44,48,43
Croconaw,Feraligatr,Water,Water,Torrent,,Sheer Force,159,65,80,80,59,63,58
Feraligatr,Feraligatr,Water,Water,Torrent,,Sheer Force,160,85,105,100,79,83,78
Sentret,Furret,Normal,Normal,Run Away,Keen Eye,Frisk,161,35,46,34,35,45,20
Furret,Furret,Normal,Normal,Run Away,Keen Eye,Frisk,162,85,76,64,45,55,90
Hoothoot,Noctowl,Normal,Flying,Insomnia,Keen Eye,Tinted Lens,163,60,30,30,36,56,50
Noctowl,Noctowl,Normal,Flying,Insomnia,Keen Eye,Tinted Lens,164,100,50,50,86,96,70
Ledyba,Ledian,Bug,Flying,Swarm,Early Bird,Rattled,165,40,20,30,40,80,55
Ledian,Ledian,Bug,Flying,Swarm,Early Bird,Iron Fist,166,55,35,50,55,110,85
Spinarak,Ariados,Bug,Poison,Swarm,Insomnia,Sniper,167,40,60,40,40,40,30
Ariados,Ariados,Bug,Poison,Swarm,Insomnia,Sniper,168,70,90,70,60,70,40
Crobat,Crobat,Poison,Flying,Inner Focus,,Infiltrator,169,85,90,80,70,80,130
Chinchou,Lanturn,Water,Electric,Volt Absorb,Illuminate,Water Absorb,170,75,38,38,56,56,67
Lanturn,Lanturn,Water,Electric,Volt Absorb,Illuminate,Water Absorb,171,125,58,58,76,76,67
Pichu,Pikachu,Electric,Electric,Static,,Lightning Rod,172,20,40,15,35,35,60
Cleffa,Clefable,Fairy,Fairy,Cute Charm,Magic Guard,Friend Guard,173,50,25,28,45,55,15
Igglybuff,Wigglytuff,Normal,Fairy,Cute Charm,Competitive,Friend Guard,174,90,30,15,40,20,15
Togepi,Togekiss,Fairy,Fairy,Hustle,Serene Grace,Super Luck,175,35,20,65,40,65,20
Togetic,Togekiss,Fairy,Flying,Hustle,Serene Grace,Super Luck,176,55,40,85,80,105,40
Natu,Xatu,Psychic,Flying,Synchronize,Early Bird,Magic Bounce,177,40,50,45,70,45,70
Xatu,Xatu,Psychic,Flying,Synchronize,Early Bird,Magic Bounce,178,65,75,70,95,70,95
Mareep,Ampharos,Electric,Electric,Static,,Plus,179,55,40,40,65,45,35
Flaaffy,Ampharos,Electric,Electric,Static,,Plus,180,70,55,55,80,60,45
Ampharos,Ampharos,Electric,Electric,Static,,Plus,181,90,75,85,115,90,55
Ampharos-Mega,Ampharos,Electric,Dragon,Mold Breaker,,,181,90,95,105,165,110,45
Bellossom,Bellossom,Grass,Grass,Chlorophyll,,Healer,182,75,80,95,90,100,50
Marill,Azumarill,Water,Fairy,Thick Fat,Huge Power,Sap Sipper,183,70,20,50,20,50,40
Azumarill,Azumarill,Water,Fairy,Thick Fat,Huge Power,Sap Sipper,184,100,50,80,60,80,50
Sudowoodo,Sudowoodo,Rock,Rock,Sturdy,Rock Head,Rattled,185,70,100,115,30,65,30
Politoed,Politoed,Water,Water,Water Absorb,Damp,Drizzle,186,90,75,75,90,100,70
Hoppip,Jumpluff,Grass,Flying,Chlorophyll,Leaf Guard,Infiltrator,187,35,35,40,35,55,50
Skiploom,Jumpluff,Grass,Flying,Chlorophyll,Leaf Guard,Infiltrator,188,55,45,50,45,65,80
Jumpluff,Jumpluff,Grass,Flying,Chlorophyll,Leaf Guard,Infiltrator,189,75,55,70,55,95,110
Aipom,Ambipom,Normal,Normal,Run Away,Pickup,Skill Link,190,55,70,55,40,55,85
Sunkern,Sunflora,Grass,Grass,Chlorophyll,Solar Power,Early Bird,191,30,30,30,30,30,30
Sunflora,Sunflora,Grass,Grass,Chlorophyll,Solar Power,Early Bird,192,75,75,55,105,85,30
Yanma,Yanmega,Bug,Flying,Speed Boost,Compound Eyes,Frisk,193,65,65,45,75,45,95
Wooper,Quagsire,Water,Ground,Damp,Water Absorb,Unaware,194,55,45,45,25,25,15
Wooper-Paldea,Quagsire,Poison,Ground,Poison Point,Water Absorb,Unaware,194,55,45,45,25,25,15
Quagsire,Quagsire,Water,Ground,Damp,Water Absorb,Unaware,195,95,85,85,65,65,35
Espeon,Espeon,Psychic,Psychic,Synchronize,,Magic Bounce,196,65,65,60,130,95,110
Umbreon,Umbreon,Dark,Dark,Synchronize,,Inner Focus,197,95,65,110,60,130,65
Murkrow,Honchkrow,Dark,Flying,Insomnia,Super Luck,Prankster,198,60,85,42,85,42,91
Slowking,Slowking,Water,Psychic,Oblivious,Own Tempo,Regenerator,199,95,75,80,100,110,30
Slowking-Galar,Slowking-Galar,Poison,Psychic,Curious Medicine,Own Tempo,Regenerator,199,95,65,80,110,110,30
Misdreavus,Mismagius,Ghost,Ghost,Levitate,,,200,60,60,60,85,85,85
Unown,Unown,Psychic,Psychic,Levitate,,,201,48,72,48,72,48,48
Wobbuffet,Wobbuffet,Psychic,Psychic,Shadow Tag,,Telepathy,202,190,33,58,33,58,33
Girafarig,Farigiraf,Normal,Psychic,Inner Focus,Early Bird,Sap Sipper,203,70,80,65,90,65,85
Pineco,Forretress,Bug,Bug,Sturdy,,Overcoat,204,50,65,90,35,35,15
Forretress,Forretress,Bug,Steel,Sturdy,,Overcoat,205,75,90,140,60,60,40
Dunsparce,Dunsparce,Normal,Normal,Serene Grace,Run Away,Rattled,206,100,70,70,65,65,45
Gligar,Gliscor,Ground,Flying,Hyper Cutter,Sand Veil,Immunity,207,65,75,105,35,65,85
Steelix,Steelix,Steel,Ground,Rock Head,Sturdy,Sheer Force,208,75,85,200,55,65,30
Steelix-Mega,Steelix,Steel,Ground,Sand Force,,,208,75,125,230,55,95,30
Snubbull,Granbull,Fairy,Fairy,Intimidate,Run Away,Rattled,209,60,80,50,40,40,30
Granbull,Granbull,Fairy,Fairy,Intimidate,Quick Feet,Rattled,210,90,120,75,60,60,45
Qwilfish,Qwilfish,Water,Poison,Poison Point,Swift Swim,Intimidate,211,65,95,85,55,55,85
Qwilfish-Hisui,Qwilfish-Hisui,Dark,Poison,Poison Point,Swift Swim,Intimidate,211,65,95,85,55,55,85
Scizor,Scizor,Bug,Steel,Swarm,Technician,Light Metal,212,70,130,100,55,80,65
Scizor-Mega,Scizor-Mega,Bug,Steel,Technician,,,212,70,150,140,65,100,75
Shuckle,Shuckle,Bug,Rock,Sturdy,Gluttony,Contrary,213,20,10,230,10,230,5
Heracross,Heracross,Bug,Fighting,Swarm,Guts,Moxie,214,80,125,75,40,95,85
Heracross-Mega,Heracross-Mega,Bug,Fighting,Skill Link,,,214,80,185,115,40,105,75
Sneasel,Weavile,Dark,Ice,Inner Focus,Keen Eye,Pickpocket,215,55,95,55,35,75,115
Sneasel-Hisui,Weavile,Fighting,Poison,Inner Focus,Keen Eye,Pickpocket,215,55,95,55,35,75,115
Teddiursa,Ursaluna,Normal,Normal,Pickup,Quick Feet,Honey Gather,216,60,80,50,50,50,40
Ursaring,Ursaluna,Normal,Normal,Guts,Quick Feet,Unnerve,217,90,130,75,75,75,55
Slugma,Magcargo,Fire,Fire,Magma Armor,Flame Body,Weak Armor,218,40,40,40,70,40,20
Magcargo,Magcargo,Fire,Rock,Magma Armor,Flame Body,Weak Armor,219,60,50,120,90,80,30
Swinub,Mamoswine,Ice,Ground,Oblivious,Snow Cloak,Thick Fat,220,50,50,40,30,30,50
Piloswine,Mamoswine,Ice,Ground,Oblivious,Snow Cloak,Thick Fat,221,100,100,80,60,60,50
Corsola,Corsola,Water,Rock,Hustle,Natural Cure,Regenerator,222,65,55,95,65,95,35
Corsola-Galar,Cursola,Ghost,Ghost,Weak Armor,,Cursed Body,222,60,55,100,65,100,30
Remoraid,Octillery,Water,Water,Hustle,Sniper,Moody,223,35,65,35,65,35,65
Octillery,Octillery,Water,Water,Suction Cups,Sniper,Moody,224,75,105,75,105,75,45
Delibird,Delibird,Ice,Flying,Vital Spirit,Hustle,Insomnia,225,45,55,45,65,45,75
Mantine,Mantine,Water,Flying,Swift Swim,Water Absorb,Water Veil,226,85,40,70,80,140,70
Skarmory,Skarmory,Steel,Flying,Keen Eye,Sturdy,Weak Armor,227,65,80,140,40,70,70
Houndour,Houndoom,Dark,Fire,Early Bird,Flash Fire,Unnerve,228,45,60,30,80,50,65
Houndoom,Houndoom,Dark,Fire,Early Bird,Flash Fire,Unnerve,229,75,90,50,110,80,95
Houndoom-Mega,Houndoom,Dark,Fire,Solar Power,,,229,75,90,90,140,90,115
Kingdra,Kingdra,Water,Dragon,Swift Swim,Sniper,Damp,230,75,95,95,95,95,85
Phanpy,Donphan,Ground,Ground,Pickup,,Sand Veil,231,90,60,60,40,40,40
Donphan,Donphan,Ground,Ground,Sturdy,,Sand Veil,232,90,120,120,60,60,50
Porygon2,Porygon-Z,Normal,Normal,Trace,Download,Analytic,233,85,80,90,105,95,60
Stantler,Wyrdeer,Normal,Normal,Intimidate,Frisk,Sap Sipper,234,73,95,62,85,65,85
Smeargle,Smeargle,Normal,Normal,Own Tempo,Technician,Moody,235,55,20,35,20,45,75
Tyrogue,Tyrogue,Fighting,Fighting,Guts,Steadfast,Vital Spirit,236,35,35,35,35,35,35
Hitmontop,Hitmontop,Fighting,Fighting,Intimidate,Technician,Steadfast,237,50,95,95,35,110,70
Smoochum,Jynx,Ice,Psychic,Oblivious,Forewarn,Hydration,238,45,30,15,85,65,65
Elekid,Electivire,Electric,Electric,Static,,Vital Spirit,239,45,63,37,65,55,95
Magby,Magmortar,Fire,Fire,Flame Body,,Vital Spirit,240,45,75,37,70,55,83
Miltank,Miltank,Normal,Normal,Thick Fat,Scrappy,Sap Sipper,241,95,80,105,40,70,100
Blissey,Blissey,Normal,Normal,Natural Cure,Serene Grace,Healer,242,255,10,10,75,135,55
Raikou,Raikou,Electric,Electric,Pressure,,Inner Focus,243,90,85,75,115,100,115
Entei,Entei,Fire,Fire,Pressure,,Inner Focus,244,115,115,85,90,75,100
Suicune,Suicune,Water,Water,Pressure,,Inner Focus,245,100,75,115,90,115,85
Larvitar,Tyranitar,Rock,Ground,Guts,,Sand Veil,246,50,64,50,45,50,41
Pupitar,Tyranitar,Rock,Ground,Shed Skin,,,247,70,84,70,65,70,51
Tyranitar,Tyranitar,Rock,Dark,Sand Stream,,Unnerve,248,100,134,110,95,100,61
Tyranitar-Mega,Tyranitar,Rock,Dark,Sand Stream,,,248,100,164,150,95,120,71
Lugia,Lugia,Psychic,Flying,Pressure,,Multiscale,249,106,90,130,90,154,110
Ho-oh,Ho-oh,Fire,Flying,Pressure,,Regenerator,250,106,130,90,110,154,90
Celebi,Celebi,Psychic,Grass,Natural Cure,,,251,100,100,100,100,100,100
Treecko,Sceptile,Grass,Grass,Overgrow,,Unburden,252,40,45,35,65,55,70
Grovyle,Sceptile,Grass,Grass,Overgrow,,Unburden,253,50,65,45,85,65,95
Sceptile,Sceptile,Grass,Grass,Overgrow,,Unburden,254,70,85,65,105,85,120
Sceptile-Mega,Sceptile,Grass,Dragon,Lightning Rod,,,254,70,110,75,145,85,145
Torchic,Blaziken,Fire,Fire,Blaze,,Speed Boost,255,45,60,40,70,50,45
Combusken,Blaziken,Fire,Fighting,Blaze,,Speed Boost,256,60,85,60,85,60,55
Blaziken,Blaziken,Fire,Fighting,Blaze,,Speed Boost,257,80,120,70,110,70,80
Blaziken-Mega,Blaziken,Fire,Fighting,Speed Boost,,,257,80,160,80,130,80,100
Mudkip,Swampert,Water,Water,Torrent,,Damp,258,50,70,50,50,50,40
Marshtomp,Swampert,Water,Ground,Torrent,,Damp,259,70,85,70,60,70,50
Swampert,Swampert,Water,Ground,Torrent,,Damp,260,100,110,90,85,90,60
Swampert-Mega,Swampert,Water,Ground,Swift Swim,,,260,100,150,110,95,110,70
Poochyena,Mightyena,Dark,Dark,Run Away,Quick Feet,Rattled,261,35,55,35,30,30,35
Mightyena,Mightyena,Dark,Dark,Intimidate,Quick Feet,Moxie,262,70,90,70,60,60,70
Zigzagoon,Linoone,Normal,Normal,Pickup,Gluttony,Quick Feet,263,38,30,41,30,41,60
Zigzagoon-Galar,Obstagoon,Dark,Normal,Pickup,Gluttony,Quick Feet,263,38,30,41,30,41,60
Linoone,Linoone,Normal,Normal,Pickup,Gluttony,Quick Feet,264,78,70,61,50,61,100
Linoone-Galar,Obstagoon,Dark,Normal,Pickup,Gluttony,Quick Feet,264,78,70,61,50,61,100
Wurmple,Wurmple,Bug,Bug,Shield Dust,,Run Away,265,45,45,35,20,30,20
Silcoon,Silcoon,Bug,Bug,Shed Skin,,,266,50,35,55,25,25,15
Beautifly,Beautifly,Bug,Flying,Swarm,,Rivalry,267,60,70,50,100,50,65
Cascoon,Cascoon,Bug,Bug,Shed Skin,,,268,50,35,55,25,25,15
Dustox,Dustox,Bug,Poison,Shield Dust,,Compound Eyes,269,60,50,70,50,90,65
Lotad,Ludicolo,Water,Grass,Swift Swim,Rain Dish,Own Tempo,270,40,30,30,40,50,30
Lombre,Ludicolo,Water,Grass,Swift Swim,Rain Dish,Own Tempo,271,60,50,50,60,70,50
Ludicolo,Ludicolo,Water,Grass,Swift Swim,Rain Dish,Own Tempo,272,80,70,70,90,100,70
Seedot,Shiftry,Grass,Grass,Chlorophyll,Early Bird,Pickpocket,273,40,40,50,30,30,30
Nuzleaf,Shiftry,Grass,Dark,Chlorophyll,Early Bird,Pickpocket,274,70,70,40,60,40,60
Shiftry,Shiftry,Grass,Dark,Chlorophyll,Early Bird,Pickpocket,275,90,100,60,90,60,80
Taillow,Swellow,Normal,Flying,Guts,,Scrappy,276,40,55,30,30,30,85
Swellow,Swellow,Normal,Flying,Guts,,Scrappy,277,60,85,60,75,50,125
Wingull,Pelipper,Water,Flying,Keen Eye,Hydration,Rain Dish,278,40,30,30,55,30,85
Pelipper,Pelipper,Water,Flying,Keen Eye,Drizzle,Rain Dish,279,60,50,100,95,70,65
Ralts,Kirlia,Psychic,Fairy,Synchronize,Trace,Telepathy,280,28,25,25,45,35,40
Kirlia,Kirlia,Psychic,Fairy,Synchronize,Trace,Telepathy,281,38,35,35,65,55,50
Gardevoir,Gardevoir,Psychic,Fairy,Synchronize,Trace,Telepathy,282,68,65,65,125,115,80
Gardevoir-Mega,Gardevoir-Mega,Psychic,Fairy,Pixilate,,,282,68,85,65,165,135,100
Surskit,Masquerain,Bug,Water,Swift Swim,,Rain Dish,283,40,30,32,50,52,65
Masquerain,Masquerain,Bug,Flying,Intimidate,,Unnerve,284,70,60,62,100,82,80
Shroomish,Breloom,Grass,Grass,Effect Spore,Poison Heal,Quick Feet,285,60,40,60,40,60,35
Breloom,Breloom,Grass,Fighting,Effect Spore,Poison Heal,Technician,286,60,130,80,60,60,70
Slakoth,Slaking,Normal,Normal,Truant,,,287,60,60,60,35,35,30
Vigoroth,Slaking,Normal,Normal,Vital Spirit,,,288,80,80,80,55,55,90
Slaking,Slaking,Normal,Normal,Truant,,,289,150,160,100,95,65,100
Nincada,,Bug,Ground,Compound Eyes,,Run Away,290,31,45,90,30,30,40
Ninjask,Ninjask,Bug,Flying,Speed Boost,,Infiltrator,291,61,90,45,50,50,160
Shedinja,Shedinja,Bug,Ghost,Wonder Guard,,,292,1,90,45,30,30,40
Whismur,Exploud,Normal,Normal,Soundproof,,Rattled,293,64,51,23,51,23,28
Loudred,Exploud,Normal,Normal,Soundproof,,Scrappy,294,84,71,43,71,43,48
Exploud,Exploud,Normal,Normal,Soundproof,,Scrappy,295,104,91,63,91,73,68
Makuhita,Hariyama,Fighting,Fighting,Thick Fat,Guts,Sheer Force,296,72,60,30,20,30,25
Hariyama,Hariyama,Fighting,Fighting,Thick Fat,Guts,Sheer Force,297,144,120,60,40,60,50
Azurill,Azumarill,Normal,Fairy,Thick Fat,Huge Power,Sap Sipper,298,50,20,40,20,40,20
Nosepass,Probopass,Rock,Rock,Sturdy,Magnet Pull,Sand Force,299,30,45,135,45,90,30
Skitty,Delcatty,Normal,Normal,Cute Charm,Normalize,Wonder Skin,300,50,45,45,35,35,50
Delcatty,Delcatty,Normal,Normal,Cute Charm,Normalize,Wonder Skin,301,70,65,65,55,55,90
Sableye,Sableye,Dark,Ghost,Keen Eye,Stall,Prankster,302,50,75,75,65,65,50
Sableye-Mega,Sableye-Mega,Dark,Ghost,Magic Bounce,,,302,50,85,125,85,115,20
Mawile,Mawile,Steel,Fairy,Hyper Cutter,Intimidate,Sheer Force,303,50,85,85,55,55,50
Mawile-Mega,Mawile-Mega,Steel,Fairy,Huge Power,,,303,50,105,125,55,95,50
Aron,Aggron,Steel,Rock,Sturdy,Rock Head,Heavy Metal,304,50,70,100,40,40,30
Lairon,Aggron,Steel,Rock,Sturdy,Rock Head,Heavy Metal,305,60,90,140,50,50,40
Aggron,Aggron,Steel,Rock,Sturdy,Rock Head,Heavy Metal,306,70,110,180,60,60,50
Aggron-Mega,Aggron,Steel,Steel,Filter,,,306,70,140,230,60,80,50
Meditite,Medicham,Fighting,Psychic,Pure Power,,Telepathy,307,30,40,55,40,55,60
Medicham,Medicham,Fighting,Psychic,Pure Power,,Telepathy,308,60,60,75,60,75,80
Medicham-Mega,Medicham,Fighting,Psychic,Pure Power,,,308,60,100,85,80,85,100
Electrike,Manectric,Electric,Electric,Static,Lightning Rod,Minus,309,40,45,40,65,40,65
Manectric,Manectric,Electric,Electric,Static,Lightning Rod,Minus,310,70,75,60,105,60,105
Manectric-Mega,Manectric,Electric,Electric,Intimidate,,,310,70,75,80,135,80,135
Plusle,Plusle,Electric,Electric,Plus,,Lightning Rod,311,60,50,40,85,75,95
Minun,Minun,Electric,Electric,Minus,,Volt Absorb,312,60,40,50,75,85,95
Volbeat,Volbeat,Bug,Bug,Illuminate,Swarm,Prankster,313,65,73,75,47,85,85
Illumise,Illumise,Bug,Bug,Oblivious,Tinted Lens,Prankster,314,65,47,75,73,85,85
Roselia,Roserade,Grass,Poison,Natural Cure,Poison Point,Leaf Guard,315,50,60,45,100,80,65
Gulpin,Swalot,Poison,Poison,Liquid Ooze,Sticky Hold,Gluttony,316,70,43,53,43,53,40
Swalot,Swalot,Poison,Poison,Liquid Ooze,Sticky Hold,Gluttony,317,100,73,83,73,83,55
Carvanha,Sharpedo,Water,Dark,Rough Skin,,Speed Boost,318,45,90,20,65,20,65
Sharpedo,Sharpedo,Water,Dark,Rough Skin,,Speed Boost,319,70,120,40,95,40,95
Sharpedo-Mega,Sharpedo,Water,Dark,Strong Jaw,,,319,70,140,70,110,65,105
Wailmer,Wailord,Water,Water,Water Veil,Oblivious,Pressure,320,130,70,35,70,35,60
Wailord,Wailord,Water,Water,Water Veil,Oblivious,Pressure,321,170,90,45,90,45,60
Numel,Camerupt,Fire,Ground,Oblivious,Simple,Own Tempo,322,60,60,40,65,45,35
Camerupt,Camerupt,Fire,Ground,Magma Armor,Solid Rock,Anger Point,323,70,100,70,105,75,40
Camerupt-Mega,Camerupt,Fire,Ground,Sheer Force,,,323,70,120,100,145,105,20
Torkoal,Torkoal,Fire,Fire,White Smoke,Drought,Shell Armor,324,70,85,140,85,70,20
Spoink,Grumpig,Psychic,Psychic,Thick Fat,Own Tempo,Gluttony,325,60,25,35,70,80,60
Grumpig,Grumpig,Psychic,Psychic,Thick Fat,Own Tempo,Gluttony,326,80,45,65,90,110,80
Spinda,Spinda,Normal,Normal,Own Tempo,Tangled Feet,Contrary,327,60,60,60,60,60,60
Trapinch,Flygon,Ground,Ground,Hyper Cutter,Arena Trap,Sheer Force,328,45,100,45,45,45,10
Vibrava,Flygon,Ground,Dragon,Levitate,,,329,50,70,50,50,50,70
Flygon,Flygon,Ground,Dragon,Levitate,,,330,80,100,80,80,80,100
Cacnea,Cacturne,Grass,Grass,Sand Veil,,Water Absorb,331,50,85,40,85,40,35
Cacturne,Cacturne,Grass,Dark,Sand Veil,,Water Absorb,332,70,115,60,115,60,55
Swablu,Altaria,Normal,Flying,Natural Cure,,Cloud Nine,333,45,40,60,40,75,50
Altaria,Altaria,Dragon,Flying,Natural Cure,,Cloud Nine,334,75,70,90,70,105,80
Altaria-Mega,Altaria,Dragon,Fairy,Pixilate,,,334,75,110,110,110,105,80
Zangoose,Zangoose,Normal,Normal,Immunity,,Toxic Boost,335,73,115,60,60,60,90
Seviper,Seviper,Poison,Poison,Shed Skin,,Infiltrator,336,73,100,60,100,60,65
Lunatone,Lunatone,Rock,Psychic,Levitate,,,337,90,55,65,95,85,70
Solrock,Solrock,Rock,Psychic,Levitate,,,338,90,95,85,55,65,70
Barboach,Whiscash,Water,Ground,Oblivious,Anticipation,Hydration,339,50,48,43,46,41,60
Whiscash,Whiscash,Water,Ground,Oblivious,Anticipation,Hydration,340,110,78,73,76,71,60
Corphish,Crawdaunt,Water,Water,Hyper Cutter,Shell Armor,Adaptability,341,43,80,65,50,35,35
Crawdaunt,Crawdaunt,Water,Dark,Hyper Cutter,Shell Armor,Adaptability,342,63,120,85,90,55,55
Baltoy,Claydol,Ground,Psychic,Levitate,,,343,40,40,55,40,70,55
Claydol,Claydol,Ground,Psychic,Levitate,,,344,60,70,105,70,120,75
Lileep,Cradily,Rock,Grass,Suction Cups,,Storm Drain,345,66,41,77,61,87,23
Cradily,Cradily,Rock,Grass,Suction Cups,,Storm Drain,346,86,81,97,81,107,43
Anorith,Armaldo,Rock,Bug,Battle Armor,,Swift Swim,347,45,95,50,40,50,75
Armaldo,Armaldo,Rock,Bug,Battle Armor,,Swift Swim,348,75,125,100,70,80,45
Feebas,Milotic,Water,Water,Swift Swim,Oblivious,Adaptability,349,20,15,20,10,55,80
Milotic,Milotic,Water,Water,Marvel Scale,Competitive,Cute Charm,350,95,60,79,100,125,81
Castform,Castform,Normal,Normal,Forecast,,,351,70,70,70,70,70,70
Castform-Sunny,Castform-Sunny,Fire,Fire,Forecast,,,351,70,70,70,70,70,70
Castform-Rainy,Castform-Rainy,Water,Water,Forecast,,,351,70,70,70,70,70,70
Castform-Snowy,Castform-Snowy,Ice,Ice,Forecast,,,351,70,70,70,70,70,70
Kecleon,Kecleon,Normal,Normal,Color Change,,Protean,352,60,90,70,60,120,40
Shuppet,Banette,Ghost,Ghost,Insomnia,Frisk,Cursed Body,353,44,75,35,63,33,45
Banette,Banette,Ghost,Ghost,Insomnia,Frisk,Cursed Body,354,64,115,65,83,63,65
Banette-Mega,Banette,Ghost,Ghost,Prankster,,,354,64,165,75,93,83,75
Duskull,Dusknoir,Ghost,Ghost,Levitate,,Frisk,355,20,40,90,30,90,25
Dusclops,Dusknoir,Ghost,Ghost,Pressure,,Frisk,356,40,70,130,60,130,25
Tropius,Tropius,Grass,Flying,Chlorophyll,Solar Power,Harvest,357,99,68,83,72,87,51
Chimecho,Chimecho,Psychic,Psychic,Levitate,,,358,75,50,80,95,90,65
Absol,Absol,Dark,Dark,Pressure,Super Luck,Justified,359,65,130,60,75,60,75
Absol-Mega,Absol-Mega,Dark,Dark,Magic Bounce,,,359,65,150,60,115,60,115
Wynaut,Wobbuffet,Psychic,Psychic,Shadow Tag,,Telepathy,360,95,23,48,23,48,23
Snorunt,Snorunt,Ice,Ice,Inner Focus,Ice Body,Moody,361,50,50,50,50,50,50
Glalie,Glalie,Ice,Ice,Inner Focus,Ice Body,Moody,362,80,80,80,80,80,80
Glalie-Mega,Glalie-Mega,Ice,Ice,Refrigerate,,,362,80,120,80,120,80,100
Spheal,Walrein,Ice,Water,Thick Fat,Ice Body,Oblivious,363,70,40,50,55,50,25
Sealeo,Walrein,Ice,Water,Thick Fat,Ice Body,Oblivious,364,90,60,70,75,70,45
Walrein,Walrein,Ice,Water,Thick Fat,Ice Body,Oblivious,365,110,80,90,95,90,65
Clamperl,Clamperl,Water,Water,Shell Armor,,Rattled,366,35,64,85,74,55,32
Huntail,Huntail,Water,Water,Swift Swim,,Water Veil,367,55,104,105,94,75,52
Gorebyss,Gorebyss,Water,Water,Swift Swim,,Hydration,368,55,84,105,114,75,52
Relicanth,Relicanth,Water,Rock,Swift Swim,Rock Head,Sturdy,369,100,90,130,45,65,55
Luvdisc,Luvdisc,Water,Water,Swift Swim,,Hydration,370,43,30,55,40,65,97
Bagon,Salamence,Dragon,Dragon,Rock Head,,Sheer Force,371,45,75,60,40,30,50
Shelgon,Salamence,Dragon,Dragon,Rock Head,,Overcoat,372,65,95,100,60,50,50
Salamence,Salamence,Dragon,Flying,Intimidate,,Moxie,373,95,135,80,110,80,100
Salamence-Mega,Salamence,Dragon,Flying,Aerilate,,,373,95,145,130,120,90,120
Beldum,Metagross,Steel,Psychic,Clear Body,,Light Metal,374,40,55,80,35,60,30
Metang,Metagross,Steel,Psychic,Clear Body,,Light Metal,375,60,75,100,55,80,50
Metagross,Metagross,Steel,Psychic,Clear Body,,Light Metal,376,80,135,130,95,90,70
Metagross-Mega,Metagross,Steel,Psychic,Tough Claws,,,376,80,145,150,105,110,110
Regirock,Regirock,Rock,Rock,Clear Body,,Sturdy,377,80,100,200,50,100,50
Regice,Regice,Ice,Ice,Clear Body,,Ice Body,378,80,50,100,100,200,50
Registeel,Registeel,Steel,Steel,Clear Body,,Light Metal,379,80,75,150,75,150,50
Latias,Latias,Dragon,Psychic,Levitate,,,380,80,80,90,110,130,110
Latias-Mega,Latias-Mega,Dragon,Psychic,Levitate,,,380,80,100,120,140,150,110
Latios,Latios,Dragon,Psychic,Levitate,,,381,80,90,80,130,110,110
Latios-Mega,Latios-Mega,Dragon,Psychic,Levitate,,,381,80,130,100,160,120,110
Kyogre,Kyogre,Water,Water,Drizzle,,,382,100,100,90,150,140,90
Kyogre-Primal,Kyogre-Primal,Water,Water,Primordial Sea,,,382,100,150,90,180,160,90
Groudon,Groudon,Ground,Ground,Drought,,,383,100,150,140,100,90,90
Groudon-Primal,Groudon-Primal,Ground,Fire,Desolate Land,,,383,100,180,160,150,90,90
Rayquaza,Rayquaza,Dragon,Flying,Air Lock,,,384,105,150,90,150,90,95
Rayquaza-Mega,Rayquaza-Mega,Dragon,Flying,Delta Stream,,,384,105,180,100,180,100,115
Jirachi,Jirachi,Steel,Psychic,Serene Grace,,,385,100,100,100,100,100,100
Deoxys,Deoxys,Psychic,Psychic,Pressure,,,386,50,150,50,150,50,150
Deoxys-Attack,Deoxys-Attack,Psychic,Psychic,Pressure,,,386,50,180,20,180,20,150
Deoxys-Defense,Deoxys-Defense,Psychic,Psychic,Pressure,,,386,50,70,160,70,160,90
Deoxys-Speed,Deoxys-Speed,Psychic,Psychic,Pressure,,,386,50,95,90,95,90,180
Turtwig,Torterra,Grass,Grass,Overgrow,,Shell Armor,387,55,68,64,45,55,31
Grotle,Torterra,Grass,Grass,Overgrow,,Shell Armor,388,75,89,85,55,65,36
Torterra,Torterra,Grass,Ground,Overgrow,,Shell Armor,389,95,109,105,75,85,56
Chimchar,Infernape,Fire,Fire,Blaze,,Iron Fist,390,44,58,44,58,44,61
Monferno,Infernape,Fire,Fighting,Blaze,,Iron Fist,391,64,78,52,78,52,81
Infernape,Infernape,Fire,Fighting,Blaze,,Iron Fist,392,76,104,71,104,71,108
Piplup,Empoleon,Water,Water,Torrent,,Defiant,393,53,51,53,61,56,40
Prinplup,Empoleon,Water,Water,Torrent,,Defiant,394,64,66,68,81,76,50
Empoleon,Empoleon,Water,Steel,Torrent,,Defiant,395,84,86,88,111,101,60
Starly,Staraptor,Normal,Flying,Keen Eye,,Reckless,396,40,55,30,30,30,60
Staravia,Staraptor,Normal,Flying,Intimidate,,Reckless,397,55,75,50,40,40,80
Staraptor,Staraptor,Normal,Flying,Intimidate,,Reckless,398,85,120,70,50,60,100
Bidoof,Bibarel,Normal,Normal,Simple,Unaware,Moody,399,59,45,40,35,40,31
Bibarel,Bibarel,Normal,Water,Simple,Unaware,Moody,400,79,85,60,55,60,71
Kricketot,Kricketune,Bug,Bug,Shed Skin,,Run Away,401,37,25,41,25,41,25
Kricketune,Kricketune,Bug,Bug,Swarm,,Technician,402,77,85,51,55,51,65
Shinx,Luxray,Electric,Electric,Rivalry,Intimidate,Guts,403,45,65,34,40,34,45
Luxio,Luxray,Electric,Electric,Rivalry,Intimidate,Guts,404,60,85,49,60,49,60
Luxray,Luxray,Electric,Electric,Rivalry,Intimidate,Guts,405,80,120,79,95,79,70
Budew,Roserade,Grass,Poison,Natural Cure,Poison Point,Leaf Guard,406,40,30,35,50,70,55
Roserade,Roserade,Grass,Poison,Natural Cure,Poison Point,Technician,407,60,70,65,125,105,90
Cranidos,Rampardos,Rock,Rock,Mold Breaker,,Sheer Force,408,67,125,40,30,30,58
Rampardos,Rampardos,Rock,Rock,Mold Breaker,,Sheer Force,409,97,165,60,65,50,58
Shieldon,Bastiodon,Rock,Steel,Sturdy,,Soundproof,410,30,42,118,42,88,30
Bastiodon,Bastiodon,Rock,Steel,Sturdy,,Soundproof,411,60,52,168,47,138,30
Burmy,Wormadam,Bug,Bug,Shed Skin,,Overcoat,412,40,29,45,29,45,36
Burmy-Sandy,Wormadam-Sandy,Bug,Bug,Shed Skin,,Overcoat,412,40,29,45,29,45,36
Burmy-Trash,Wormadam-Trash,Bug,Bug,Shed Skin,,Overcoat,412,40,29,45,29,45,36
Wormadam,Wormadam,Bug,Grass,Anticipation,,Overcoat,413,60,59,85,79,105,36
Wormadam-Sandy,Wormadam-Sandy,Bug,Ground,Anticipation,,Overcoat,413,60,79,105,59,85,36
Wormadam-Trash,Wormadam-Trash,Bug,Steel,Anticipation,,Overcoat,413,60,69,95,69,95,36
Mothim,Mothim,Bug,Flying,Swarm,,Tinted Lens,414,70,94,50,94,50,66
Combee,Vespiquen,Bug,Flying,Honey Gather,,Hustle,415,30,30,42,30,42,70
Vespiquen,Vespiquen,Bug,Flying,Pressure,,Unnerve,416,70,80,102,80,102,40
Pachirisu,Pachirisu,Electric,Electric,Run Away,Pickup,Volt Absorb,417,60,45,70,45,90,95
Buizel,Floatzel,Water,Water,Swift Swim,,Water Veil,418,55,65,35,60,30,85
Floatzel,Floatzel,Water,Water,Swift Swim,,Water Veil,419,85,105,55,85,50,115
Cherubi,Cherrim,Grass,Grass,Chlorophyll,,,420,45,35,45,62,53,35
Cherrim,Cherrim,Grass,Grass,Flower Gift,,,421,70,60,70,87,78,85
Shellos,Gastrodon,Water,Water,Sticky Hold,Storm Drain,Sand Force,422,76,48,48,57,62,34
Gastrodon,Gastrodon,Water,Ground,Sticky Hold,Storm Drain,Sand Force,423,111,83,68,92,82,39
Ambipom,Ambipom,Normal,Normal,Technician,Pickup,Skill Link,424,75,100,66,60,66,115
Drifloon,Drifblim,Ghost,Flying,Aftermath,Unburden,Flare Boost,425,90,50,34,60,44,70
Drifblim,Drifblim,Ghost,Flying,Aftermath,Unburden,Flare Boost,426,150,80,44,90,54,80
Buneary,Lopunny,Normal,Normal,Run Away,Klutz,Limber,427,55,66,44,44,56,85
Lopunny,Lopunny,Normal,Normal,Cute Charm,Klutz,Limber,428,65,76,84,54,96,105
Lopunny-Mega,Lopunny,Normal,Fighting,Scrappy,,,428,65,136,94,54,96,135
Mismagius,Mismagius,Ghost,Ghost,Levitate,,,429,60,60,60,105,105,105
Honchkrow,Honchkrow,Dark,Flying,Insomnia,Super Luck,Moxie,430,100,125,52,105,52,71
Glameow,Purugly,Normal,Normal,Limber,Own Tempo,Keen Eye,431,49,55,42,42,37,85
Purugly,Purugly,Normal,Normal,Thick Fat,Own Tempo,Defiant,432,71,82,64,64,59,112
Chingling,Chimecho,Psychic,Psychic,Levitate,,,433,45,30,50,65,50,45
Stunky,Skuntank,Poison,Dark,Stench,Aftermath,Keen Eye,434,63,63,47,41,41,74
Skuntank,Skuntank,Poison,Dark,Stench,Aftermath,Keen Eye,435,103,93,67,71,61,84
Bronzor,Bronzong,Steel,Psychic,Levitate,Heatproof,Heavy Metal,436,57,24,86,24,86,23
Bronzong,Bronzong,Steel,Psychic,Levitate,Heatproof,Heavy Metal,437,67,89,116,79,116,33
Bonsly,Sudowoodo,Rock,Rock,Sturdy,Rock Head,Rattled,438,50,80,95,10,45,10
Mime Jr.,Mime Jr.,Psychic,Fairy,Soundproof,Filter,Technician,439,20,25,45,70,90,60
Happiny,Blissey,Normal,Normal,Natural Cure,Serene Grace,Friend Guard,440,100,5,5,15,65,30
Chatot,Chatot,Normal,Flying,Keen Eye,Tangled Feet,Big Pecks,441,76,65,45,92,42,91
Spiritomb,Spiritomb,Ghost,Dark,Pressure,,Infiltrator,442,50,92,108,92,108,35
Gible,Garchomp,Dragon,Ground,Sand Veil,,Rough Skin,443,58,70,45,40,45,42
Gabite,Garchomp,Dragon,Ground,Sand Veil,,Rough Skin,444,68,90,65,50,55,82
Garchomp,Garchomp,Dragon,Ground,Sand Veil,,Rough Skin,445,108,130,95,80,85,102
Garchomp-Mega,Garchomp,Dragon,Ground,Sand Force,,,445,108,170,115,120,95,92
Munchlax,Snorlax,Normal,Normal,Pickup,Thick Fat,Gluttony,446,135,85,40,40,85,5
Riolu,Lucario,Fighting,Fighting,Steadfast,Inner Focus,Prankster,447,40,70,40,35,40,60
Lucario,Lucario,Fighting,Steel,Steadfast,Inner Focus,Justified,448,70,110,70,115,70,90
Lucario-Mega,Lucario,Fighting,Steel,Adaptability,,,448,70,145,88,140,70,112
Hippopotas,Hippowdon,Ground,Ground,Sand Stream,,Sand Force,449,68,72,78,38,42,32
Hippowdon,Hippowdon,Ground,Ground,Sand Stream,,Sand Force,450,108,112,118,68,72,47
Skorupi,Drapion,Poison,Bug,Battle Armor,Sniper,Keen Eye,451,40,50,90,30,55,65
Drapion,Drapion,Poison,Dark,Battle Armor,Sniper,Keen Eye,452,70,90,110,60,75,95
Croagunk,Toxicroak,Poison,Fighting,Anticipation,Dry Skin,Poison Touch,453,48,61,40,61,40,50
Toxicroak,Toxicroak,Poison,Fighting,Anticipation,Dry Skin,Poison Touch,454,83,106,65,86,65,85
Carnivine,Carnivine,Grass,Grass,Levitate,,,455,74,100,72,90,72,46
Finneon,Lumineon,Water,Water,Swift Swim,Storm Drain,Water Veil,456,49,49,56,49,61,66
Lumineon,Lumineon,Water,Water,Swift Swim,Storm Drain,Water Veil,457,69,69,76,69,86,91
Mantyke,Mantine,Water,Flying,Swift Swim,Water Absorb,Water Veil,458,45,20,50,60,120,50
Snover,Abomasnow,Grass,Ice,Snow Warning,,Soundproof,459,60,62,50,62,60,40
Abomasnow,Abomasnow,Grass,Ice,Snow Warning,,Soundproof,460,90,92,75,92,85,60
Abomasnow-Mega,Abomasnow,Grass,Ice,Snow Warning,,,460,90,132,105,132,105,30
Weavile,Weavile,Dark,Ice,Pressure,,Pickpocket,461,70,120,65,45,85,125
Magnezone,Magnezone,Electric,Steel,Magnet Pull,Sturdy,Analytic,462,70,70,115,130,90,60
Lickilicky,Lickilicky,Normal,Normal,Own Tempo,Oblivious,Cloud Nine,463,110,85,95,80,95,50
Rhyperior,Rhyperior,Ground,Rock,Lightning Rod,Solid Rock,Reckless,464,115,140,130,55,55,40
Tangrowth,Tangrowth,Grass,Grass,Chlorophyll,Leaf Guard,Regenerator,465,100,100,125,110,50,50
Electivire,Electivire,Electric,Electric,Motor Drive,,Vital Spirit,466,75,123,67,95,85,95
Magmortar,Magmortar,Fire,Fire,Flame Body,,Vital Spirit,467,75,95,67,125,95,83
Togekiss,Togekiss,Fairy,Flying,Hustle,Serene Grace,Super Luck,468,85,50,95,120,115,80
Yanmega,Yanmega,Bug,Flying,Speed Boost,Tinted Lens,Frisk,469,86,76,86,116,56,95
Leafeon,Leafeon,Grass,Grass,Leaf Guard,,Chlorophyll,470,65,110,130,60,65,95
Glaceon,Glaceon,Ice,Ice,Snow Cloak,,Ice Body,471,65,60,110,130,95,65
Gliscor,Gliscor,Ground,Flying,Hyper Cutter,Sand Veil,Poison Heal,472,75,95,125,45,75,95
Mamoswine,Mamoswine,Ice,Ground,Oblivious,Snow Cloak,Thick Fat,473,110,130,80,70,60,80
Porygon-Z,Porygon-Z,Normal,Normal,Adaptability,Download,Analytic,474,85,80,70,135,75,90
Gallade,Gallade,Psychic,Fighting,Steadfast,Sharpness,Justified,475,68,125,65,65,115,80
Gallade-Mega,Gallade-Mega,Psychic,Fighting,Inner Focus,,,475,68,165,95,65,115,110
Probopass,Probopass,Rock,Steel,Sturdy,Magnet Pull,Sand Force,476,60,55,145,75,150,40
Dusknoir,Dusknoir,Ghost,Ghost,Pressure,,Frisk,477,45,100,135,65,135,45
Froslass,Froslass,Ice,Ghost,Snow Cloak,,Cursed Body,478,70,80,70,80,70,110
Rotom,Rotom,Electric,Ghost,Levitate,,,479,50,50,77,95,77,91
Rotom-Heat,Rotom-Heat,Electric,Fire,Levitate,,,479,50,65,107,105,107,86
Rotom-Wash,Rotom-Wash,Electric,Water,Levitate,,,479,50,65,107,105,107,86
Rotom-Frost,Rotom-Frost,Electric,Ice,Levitate,,,479,50,65,107,105,107,86
Rotom-Fan,Rotom-Fan,Electric,Flying,Levitate,,,479,50,65,107,105,107,86
Rotom-Mow,Rotom-Mow,Electric,Grass,Levitate,,,479,50,65,107,105,107,86
Uxie,Uxie,Psychic,Psychic,Levitate,,,480,75,75,130,75,130,95
Mesprit,Mesprit,Psychic,Psychic,Levitate,,,481,80,105,105,105,105,80
Azelf,Azelf,Psychic,Psychic,Levitate,,,482,75,125,70,125,70,115
Dialga,Dialga,Steel,Dragon,Pressure,,Telepathy,483,100,120,120,150,100,90
Dialga-Origin,Dialga-Origin,Steel,Dragon,Pressure,,Telepathy,483,100,100,120,150,120,90
Palkia,Palkia,Water,Dragon,Pressure,,Telepathy,484,90,120,100,150,120,100
Palkia-Origin,Palkia-Origin,Water,Dragon,Pressure,,Telepathy,484,90,100,100,150,120,120
Heatran,Heatran,Fire,Steel,Flash Fire,,Flame Body,485,91,90,106,130,106,77
Regigigas,Regigigas,Normal,Normal,Slow Start,,,486,110,160,110,80,110,100
Giratina,Giratina,Ghost,Dragon,Pressure,,Telepathy,487,150,100,120,100,120,90
Giratina-Origin,Giratina-Origin,Ghost,Dragon,Levitate,,,487,150,120,100,120,100,90
Cresselia,Cresselia,Psychic,Psychic,Levitate,,,488,120,70,110,75,120,85
Phione,Phione,Water,Water,Hydration,,,489,80,80,80,80,80,80
Manaphy,Manaphy,Water,Water,Hydration,,,490,100,100,100,100,100,100
Darkrai,Darkrai,Dark,Dark,Bad Dreams,,,491,70,90,90,135,90,125
Shaymin,Shaymin,Grass,Grass,Natural Cure,,,492,100,100,100,100,100,100
Shaymin-Sky,Shaymin-Sky,Grass,Flying,Serene Grace,,,492,100,103,75,120,75,127
Arceus,Arceus,Normal,Normal,Multitype,,,493,120,120,120,120,120,120
Victini,Victini,Psychic,Fire,Victory Star,,,494,100,100,100,100,100,100
Snivy,Serperior,Grass,Grass,Overgrow,,Contrary,495,45,45,55,45,55,63
Servine,Serperior,Grass,Grass,Overgrow,,Contrary,496,60,60,75,60,75,83
Serperior,Serperior,Grass,Grass,Overgrow,,Contrary,497,75,75,95,75,95,113
Tepig,Emboar,Fire,Fire,Blaze,,Thick Fat,498,65,63,45,45,45,45
Pignite,Emboar,Fire,Fighting,Blaze,,Thick Fat,499,90,93,55,70,55,55
Emboar,Emboar,Fire,Fighting,Blaze,,Reckless,500,110,123,65,100,65,65
Oshawott,Dewott,Water,Water,Torrent,,Shell Armor,501,55,55,45,63,45,45
Dewott,Dewott,Water,Water,Torrent,,Shell Armor,502,75,75,60,83,60,60
Samurott,Samurott,Water,Water,Torrent,,Shell Armor,503,95,100,85,108,70,70
Samurott-Hisui,Samurott-Hisui,Water,Dark,Torrent,,Sharpness,503,90,108,80,100,65,85
Patrat,Watchog,Normal,Normal,Run Away,Keen Eye,Analytic,504,45,55,39,35,39,42
Watchog,Watchog,Normal,Normal,Illuminate,Keen Eye,Analytic,505,60,85,69,60,69,77
Lillipup,Stoutland,Normal,Normal,Vital Spirit,Pickup,Run Away,506,45,60,45,25,45,55
Herdier,Stoutland,Normal,Normal,Intimidate,Sand Rush,Scrappy,507,65,80,65,35,65,60
Stoutland,Stoutland,Normal,Normal,Intimidate,Sand Rush,Scrappy,508,85,110,90,45,90,80
Purrloin,Liepard,Dark,Dark,Limber,Unburden,Prankster,509,41,50,37,50,37,66
Liepard,Liepard,Dark,Dark,Limber,Unburden,Prankster,510,64,88,50,88,50,106
Pansage,Simisage,Grass,Grass,Gluttony,,Overgrow,511,50,53,48,53,48,64
Simisage,Simisage,Grass,Grass,Gluttony,,Overgrow,512,75,98,63,98,63,101
Pansear,Simisear,Fire,Fire,Gluttony,,Blaze,513,50,53,48,53,48,64
Simisear,Simisear,Fire,Fire,Gluttony,,Blaze,514,75,98,63,98,63,101
Panpour,Simipour,Water,Water,Gluttony,,Torrent,515,50,53,48,53,48,64
Simipour,Simipour,Water,Water,Gluttony,,Torrent,516,75,98,63,98,63,101
Munna,Musharna,Psychic,Psychic,Forewarn,Synchronize,Telepathy,517,76,25,45,67,55,24
Musharna,Musharna,Psychic,Psychic,Forewarn,Synchronize,Telepathy,518,116,55,85,107,95,29
Pidove,Unfezant,Normal,Flying,Big Pecks,Super Luck,Rivalry,519,50,55,50,36,30,43
Tranquill,Unfezant,Normal,Flying,Big Pecks,Super Luck,Rivalry,520,62,77,62,50,42,65
Unfezant,Unfezant,Normal,Flying,Big Pecks,Super Luck,Rivalry,521,80,115,80,65,55,93
Blitzle,Zebstrika,Electric,Electric,Lightning Rod,Motor Drive,Sap Sipper,522,45,60,32,50,32,76
Zebstrika,Zebstrika,Electric,Electric,Lightning Rod,Motor Drive,Sap Sipper,523,75,100,63,80,63,116
Roggenrola,Gigalith,Rock,Rock,Sturdy,Weak Armor,Sand Force,524,55,75,85,25,25,15
Boldore,Gigalith,Rock,Rock,Sturdy,Weak Armor,Sand Force,525,70,105,105,50,40,20
Gigalith,Gigalith,Rock,Rock,Sturdy,Sand Stream,Sand Force,526,85,135,130,60,80,25
Woobat,Swoobat,Psychic,Flying,Unaware,Klutz,Simple,527,65,45,43,55,43,72
Swoobat,Swoobat,Psychic,Flying,Unaware,Klutz,Simple,528,67,57,55,77,55,114
Drilbur,Excadrill,Ground,Ground,Sand Rush,Sand Force,Mold Breaker,529,60,85,40,30,45,68
Excadrill,Excadrill,Ground,Steel,Sand Rush,Sand Force,Mold Breaker,530,110,135,60,50,65,88
Audino,Audino,Normal,Normal,Healer,Regenerator,Klutz,531,103,60,86,60,86,50
Audino-Mega,Audino-Mega,Normal,Fairy,Healer,,,531,103,60,126,80,126,50
Timburr,Conkeldurr,Fighting,Fighting,Guts,Sheer Force,Iron Fist,532,75,80,55,25,35,35
Gurdurr,Conkeldurr,Fighting,Fighting,Guts,Sheer Force,Iron Fist,533,85,105,85,40,50,40
Conkeldurr,Conkeldurr,Fighting,Fighting,Guts,Sheer Force,Iron Fist,534,105,140,95,55,65,45
Tympole,Seismitoad,Water,Water,Swift Swim,Hydration,Water Absorb,535,50,50,40,50,40,64
Palpitoad,Seismitoad,Water,Ground,Swift Swim,Hydration,Water Absorb,536,75,65,55,65,55,69
Seismitoad,Seismitoad,Water,Ground,Swift Swim,Poison Touch,Water Absorb,537,105,95,75,85,75,74
Throh,Throh,Fighting,Fighting,Guts,Inner Focus,Mold Breaker,538,120,100,85,30,85,45
Sawk,Sawk,Fighting,Fighting,Sturdy,Inner Focus,Mold Breaker,539,75,125,75,30,75,85
Sewaddle,Leavanny,Bug,Grass,Swarm,Chlorophyll,Overcoat,540,45,53,70,40,60,42
Swadloon,Leavanny,Bug,Grass,Leaf Guard,Chlorophyll,Overcoat,541,55,63,90,50,80,42
Leavanny,Leavanny,Bug,Grass,Swarm,Chlorophyll,Overcoat,542,75,103,80,70,80,92
Venipede,Scolipede,Bug,Poison,Poison Point,Swarm,Speed Boost,543,30,45,59,30,39,57
Whirlipede,Scolipede,Bug,Poison,Poison Point,Swarm,Speed Boost,544,40,55,99,40,79,47
Scolipede,Scolipede,Bug,Poison,Poison Point,Swarm,Speed Boost,545,60,100,89,55,69,112
Cottonee,Whimsicott,Grass,Fairy,Prankster,Infiltrator,Chlorophyll,546,40,27,60,37,50,66
Whimsicott,Whimsicott,Grass,Fairy,Prankster,Infiltrator,Chlorophyll,547,60,67,85,77,75,116
Petilil,Petilil,Grass,Grass,Chlorophyll,Own Tempo,Leaf Guard,548,45,35,50,70,50,30
Lilligant,Lilligant,Grass,Grass,Chlorophyll,Own Tempo,Leaf Guard,549,70,60,75,110,75,90
Lilligant-Hisui,Lilligant-Hisui,Grass,Fighting,Chlorophyll,Hustle,Leaf Guard,549,70,105,75,50,75,105
Basculin,Basculin,Water,Water,Reckless,Adaptability,Mold Breaker,550,70,92,65,80,55,98
Basculin-Blue-Striped,Basculin-Blue-Striped,Water,Water,Rock Head,Adaptability,Mold Breaker,550,70,92,65,80,55,98
Basculin-White-Striped,Basculin-White-Striped,Water,Water,Rattled,Adaptability,Mold Breaker,550,70,92,65,80,55,98
Sandile,Krookodile,Ground,Dark,Intimidate,Moxie,Anger Point,551,50,72,35,35,35,65
Krokorok,Krookodile,Ground,Dark,Intimidate,Moxie,Anger Point,552,60,82,45,45,45,74
Krookodile,Krookodile,Ground,Dark,Intimidate,Moxie,Anger Point,553,95,117,80,65,70,92
Darumaka,Darmanitan,Fire,Fire,Hustle,,Inner Focus,554,70,90,45,15,45,50
Darumaka-Galar,Darmanitan-Galar,Ice,Ice,Hustle,,Inner Focus,554,70,90,45,15,45,50
Darmanitan,Darmanitan,Fire,Fire,Sheer Force,,Zen Mode,555,105,140,55,30,55,95
Darmanitan-Zen,Darmanitan-Zen,Fire,Psychic,Sheer Force,,Zen Mode,555,105,30,105,140,105,55
Darmanitan-Galar,Darmanitan-Galar,Ice,Ice,Gorilla Tactics,,Zen Mode,555,105,140,55,30,55,95
Darmanitan-Galar-Zen,Darmanitan-Galar-Zen,Ice,Fire,Gorilla Tactics,,Zen Mode,555,105,160,55,30,55,135
Maractus,Maractus,Grass,Grass,Water Absorb,Chlorophyll,Storm Drain,556,75,86,67,106,67,60
Dwebble,Crustle,Bug,Rock,Sturdy,Shell Armor,Weak Armor,557,50,65,85,35,35,55
Crustle,Crustle,Bug,Rock,Sturdy,Shell Armor,Weak Armor,558,70,105,125,65,75,45
Scraggy,Scrafty,Dark,Fighting,Shed Skin,Moxie,Intimidate,559,50,75,70,35,70,48
Scrafty,Scrafty,Dark,Fighting,Shed Skin,Moxie,Intimidate,560,65,90,115,45,115,58
Sigilyph,Sigilyph,Psychic,Flying,Wonder Skin,Magic Guard,Tinted Lens,561,72,58,80,103,80,97
Yamask,Cofagrigus,Ghost,Ghost,Mummy,,,562,38,30,85,55,65,30
Yamask-Galar,Runerigus,Ground,Ghost,Wandering Spirit,,,562,38,55,85,30,65,30
Cofagrigus,Cofagrigus,Ghost,Ghost,Mummy,,,563,58,50,145,95,105,30
Tirtouga,Carracosta,Water,Rock,Solid Rock,Sturdy,Swift Swim,564,54,78,103,53,45,22
Carracosta,Carracosta,Water,Rock,Solid Rock,Sturdy,Swift Swim,565,74,108,133,83,65,32
Archen,Archeops,Rock,Flying,Defeatist,,,566,55,112,45,74,45,70
Archeops,Archeops,Rock,Flying,Defeatist,,,567,75,140,65,112,65,110
Trubbish,Garbodor,Poison,Poison,Stench,Sticky Hold,Aftermath,568,50,50,62,40,62,65
Garbodor,Garbodor,Poison,Poison,Stench,Weak Armor,Aftermath,569,80,95,82,60,82,75
Zorua,Zoroark-Hisui,Dark,Dark,Illusion,,,570,40,65,40,80,40,65
Zorua-Hisui,Zoroark-Hisui,Normal,Ghost,Illusion,,,570,35,60,40,85,40,70
Zoroark,Zoroark,Dark,Dark,Illusion,,,571,60,105,60,120,60,105
Zoroark-Hisui,Zoroark-Hisui,Normal,Ghost,Illusion,,,571,60,105,60,120,60,105
Minccino,Cinccino,Normal,Normal,Cute Charm,Technician,Skill Link,572,55,50,40,40,40,75
Cinccino,Cinccino,Normal,Normal,Cute Charm,Technician,Skill Link,573,75,95,60,65,60,115
Gothita,Gothitelle,Psychic,Psychic,Frisk,Competitive,Shadow Tag,574,45,30,50,55,65,45
Gothorita,Gothitelle,Psychic,Psychic,Frisk,Competitive,Shadow Tag,575,60,45,70,75,85,55
Gothitelle,Gothitelle,Psychic,Psychic,Frisk,Competitive,Shadow Tag,576,70,55,95,95,110,65
Solosis,Reuniclus,Psychic,Psychic,Overcoat,Magic Guard,Regenerator,577,45,30,40,105,50,20
Duosion,Reuniclus,Psychic,Psychic,Overcoat,Magic Guard,Regenerator,578,65,40,50,125,60,30
Reuniclus,Reuniclus,Psychic,Psychic,Overcoat,Magic Guard,Regenerator,579,110,65,75,125,85,30
Ducklett,Swanna,Water,Flying,Keen Eye,Big Pecks,Hydration,580,62,44,50,44,50,55
Swanna,Swanna,Water,Flying,Keen Eye,Big Pecks,Hydration,581,75,87,63,87,63,98
Vanillite,Vanilluxe,Ice,Ice,Ice Body,Snow Cloak,Weak Armor,582,36,50,50,65,60,44
Vanillish,Vanilluxe,Ice,Ice,Ice Body,Snow Cloak,Weak Armor,583,51,65,65,80,75,59
Vanilluxe,Vanilluxe,Ice,Ice,Ice Body,Snow Warning,Weak Armor,584,71,95,85,110,95,79
Deerling,Sawsbuck,Normal,Grass,Chlorophyll,Sap Sipper,Serene Grace,585,60,60,50,40,50,75
Sawsbuck,Sawsbuck,Normal,Grass,Chlorophyll,Sap Sipper,Serene Grace,586,80,100,70,60,70,95
Emolga,Emolga,Electric,Flying,Static,,Motor Drive,587,55,75,60,75,60,103
Karrablast,Escavalier,Bug,Bug,Swarm,Shed Skin,No Guard,588,50,75,45,40,45,60
Escavalier,Escavalier,Bug,Steel,Swarm,Shell Armor,Overcoat,589,70,135,105,60,105,20
Foongus,Amoonguss,Grass,Poison,Effect Spore,,Regenerator,590,69,55,45,55,55,15
Amoonguss,Amoonguss,Grass,Poison,Effect Spore,,Regenerator,591,114,85,70,85,80,30
Frillish,Jellicent,Water,Ghost,Water Absorb,Cursed Body,Damp,592,55,40,50,65,85,40
Jellicent,Jellicent,Water,Ghost,Water Absorb,Cursed Body,Damp,593,100,60,70,85,105,60
Alomomola,Alomomola,Water,Water,Healer,Hydration,Regenerator,594,165,75,80,40,45,65
Joltik,Galvantula,Bug,Electric,Compound Eyes,Unnerve,Swarm,595,50,47,50,57,50,65
Galvantula,Galvantula,Bug,Electric,Compound Eyes,Unnerve,Swarm,596,70,77,60,97,60,108
Ferroseed,Ferrothorn,Grass,Steel,Iron Barbs,,,597,44,50,91,24,86,10
Ferrothorn,Ferrothorn,Grass,Steel,Iron Barbs,,Anticipation,598,74,94,131,54,116,20
Klink,Klinklang,Steel,Steel,Plus,Minus,Clear Body,599,40,55,70,45,60,30
Klang,Klinklang,Steel,Steel,Plus,Minus,Clear Body,600,60,80,95,70,85,50
Klinklang,Klinklang,Steel,Steel,Plus,Minus,Clear Body,601,60,100,115,70,85,90
Tynamo,Eelektross,Electric,Electric,Levitate,,,602,35,55,40,45,40,60
Eelektrik,Eelektross,Electric,Electric,Levitate,,,603,65,85,70,75,70,40
Eelektross,Eelektross,Electric,Electric,Levitate,,,604,85,115,80,105,80,50
Elgyem,Beheeyem,Psychic,Psychic,Telepathy,Synchronize,Analytic,605,55,55,55,85,55,30
Beheeyem,Beheeyem,Psychic,Psychic,Telepathy,Synchronize,Analytic,606,75,75,75,125,95,40
Litwick,Chandelure,Ghost,Fire,Flash Fire,Flame Body,Infiltrator,607,50,30,55,65,55,20
Lampent,Chandelure,Ghost,Fire,Flash Fire,Flame Body,Infiltrator,608,60,40,60,95,60,55
Chandelure,Chandelure,Ghost,Fire,Flash Fire,Flame Body,Infiltrator,609,60,55,90,145,90,80
Axew,Haxorus,Dragon,Dragon,Rivalry,Mold Breaker,Unnerve,610,46,87,60,30,40,57
Fraxure,Haxorus,Dragon,Dragon,Rivalry,Mold Breaker,Unnerve,611,66,117,70,40,50,67
Haxorus,Haxorus,Dragon,Dragon,Rivalry,Mold Breaker,Unnerve,612,76,147,90,60,70,97
Cubchoo,Beartic,Ice,Ice,Snow Cloak,Slush Rush,Rattled,613,55,70,40,60,40,40
Beartic,Beartic,Ice,Ice,Snow Cloak,Slush Rush,Swift Swim,614,95,130,80,70,80,50
Cryogonal,Cryogonal,Ice,Ice,Levitate,,,615,80,50,50,95,135,105
Shelmet,Accelgor,Bug,Bug,Hydration,Shell Armor,Overcoat,616,50,40,85,40,65,25
Accelgor,Accelgor,Bug,Bug,Hydration,Sticky Hold,Unburden,617,80,70,40,100,60,145
Stunfisk,Stunfisk,Ground,Electric,Static,Limber,Sand Veil,618,109,66,84,81,99,32
Stunfisk-Galar,Stunfisk-Galar,Ground,Steel,Mimicry,,,618,109,81,99,66,84,32
Mienfoo,Mienshao,Fighting,Fighting,Inner Focus,Regenerator,Reckless,619,45,85,50,55,50,65
Mienshao,Mienshao,Fighting,Fighting,Inner Focus,Regenerator,Reckless,620,65,125,60,95,60,105
Druddigon,Druddigon,Dragon,Dragon,Rough Skin,Sheer Force,Mold Breaker,621,77,120,90,60,90,48
Golett,Golurk,Ground,Ghost,Iron Fist,Klutz,No Guard,622,59,74,50,35,50,35
Golurk,Golurk,Ground,Ghost,Iron Fist,Klutz,No Guard,623,89,124,80,55,80,55
Pawniard,Kingambit,Dark,Steel,Defiant,Inner Focus,Pressure,624,45,85,70,40,40,60
Bisharp,Kingambit,Dark,Steel,Defiant,Inner Focus,Pressure,625,65,125,100,60,70,70
Bouffalant,Bouffalant,Normal,Normal,Reckless,Sap Sipper,Soundproof,626,95,110,95,40,95,55
Rufflet,Rufflet,Normal,Flying,Keen Eye,Sheer Force,Hustle,627,70,83,50,37,50,60
Braviary,Braviary,Normal,Flying,Keen Eye,Sheer Force,Defiant,628,100,123,75,57,75,80
Braviary-Hisui,Braviary-Hisui,Psychic,Flying,Keen Eye,Sheer Force,Tinted Lens,628,110,83,70,112,70,65
Vullaby,Mandibuzz,Dark,Flying,Big Pecks,Overcoat,Weak Armor,629,70,55,75,45,65,60
Mandibuzz,Mandibuzz,Dark,Flying,Big Pecks,Overcoat,Weak Armor,630,110,65,105,55,95,80
Heatmor,Heatmor,Fire,Fire,Gluttony,Flash Fire,White Smoke,631,85,97,66,105,66,65
Durant,Durant,Bug,Steel,Swarm,Hustle,Truant,632,58,109,112,48,48,109
Deino,Hydreigon,Dark,Dragon,Hustle,,,633,52,65,50,45,50,38
Zweilous,Hydreigon,Dark,Dragon,Hustle,,,634,72,85,70,65,70,58
Hydreigon,Hydreigon,Dark,Dragon,Levitate,,,635,92,105,90,125,90,98
Larvesta,Volcarona,Bug,Fire,Flame Body,,Swarm,636,55,85,55,50,55,60
Volcarona,Volcarona,Bug,Fire,Flame Body,,Swarm,637,85,60,65,135,105,100
Cobalion,Cobalion,Steel,Fighting,Justified,,,638,91,90,129,90,72,108
Terrakion,Terrakion,Rock,Fighting,Justified,,,639,91,129,90,72,90,108
Virizion,Virizion,Grass,Fighting,Justified,,,640,91,90,72,90,129,108
Tornadus,Tornadus,Flying,Flying,Prankster,,Defiant,641,79,115,70,125,80,111
Tornadus-Therian,Tornadus-Therian,Flying,Flying,Regenerator,,,641,79,100,80,110,90,121
Thundurus,Thundurus,Electric,Flying,Prankster,,Defiant,642,79,115,70,125,80,111
Thundurus-Therian,Thundurus-Therian,Electric,Flying,Volt Absorb,,,642,79,105,70,145,80,101
Reshiram,Reshiram,Dragon,Fire,Turboblaze,,,643,100,120,100,150,120,90
Zekrom,Zekrom,Dragon,Electric,Teravolt,,,644,100,150,120,120,100,90
Landorus,Landorus,Ground,Flying,Sand Force,,Sheer Force,645,89,125,90,115,80,101
Landorus-Therian,Landorus-Therian,Ground,Flying,Intimidate,,,645,89,145,90,105,80,91
Kyurem,Kyurem,Dragon,Ice,Pressure,,,646,125,130,90,130,90,95
Kyurem-White,Kyurem-White,Dragon,Ice,Turboblaze,,,646,125,120,90,170,100,95
Kyurem-Black,Kyurem-Black,Dragon,Ice,Teravolt,,,646,125,170,100,120,90,95
Keldeo,Keldeo,Water,Fighting,Justified,,,647,91,72,90,129,90,108
Keldeo-Resolute,Keldeo-Resolute,Water,Fighting,Justified,,,647,91,72,90,129,90,108
Meloetta,Meloetta,Normal,Psychic,Serene Grace,,,648,100,77,77,128,128,90
Meloetta,Meloetta,Normal,Fighting,Serene Grace,,,648,100,128,90,77,77,128
Genesect,Genesect,Bug,Steel,Download,,,649,71,120,95,120,95,99
Chespin,Chesnaught,Grass,Grass,Overgrow,,Bulletproof,650,56,61,65,48,45,38
Quilladin,Chesnaught,Grass,Grass,Overgrow,,Bulletproof,651,61,78,95,56,58,57
Chesnaught,Chesnaught,Grass,Fighting,Overgrow,,Bulletproof,652,88,107,122,74,75,64
Fennekin,Delphox,Fire,Fire,Blaze,,Magician,653,40,45,40,62,60,60
Braixen,Delphox,Fire,Fire,Blaze,,Magician,654,59,59,58,90,70,73
Delphox,Delphox,Fire,Psychic,Blaze,,Magician,655,75,69,72,114,100,104
Froakie,Greninja,Water,Water,Torrent,,Protean,656,41,56,40,62,44,71
Frogadier,Greninja,Water,Water,Torrent,,Protean,657,54,63,52,83,56,97
Greninja,Greninja,Water,Dark,Torrent,,Protean,658,72,95,67,103,71,122
Greninja-Ash,Greninja-Ash,Water,Dark,Battle Bond,,,658,72,145,67,153,71,132
Bunnelby,Diggersby,Normal,Normal,Pickup,Cheek Pouch,Huge Power,659,38,36,38,32,36,57
Diggersby,Diggersby,Normal,Ground,Pickup,Cheek Pouch,Huge Power,660,85,56,77,50,77,78
Fletchling,Talonflame,Normal,Flying,Big Pecks,,Gale Wings,661,45,50,43,40,38,62
Fletchinder,Talonflame,Fire,Flying,Flame Body,,Gale Wings,662,62,73,55,56,52,84
Talonflame,Talonflame,Fire,Flying,Flame Body,,Gale Wings,663,78,81,71,74,69,126
Scatterbug,Vivillon,Bug,Bug,Shield Dust,Compound Eyes,Friend Guard,664,38,35,40,27,25,35
Spewpa,Vivillon,Bug,Bug,Shed Skin,,Friend Guard,665,45,22,60,27,30,29
Vivillon,Vivillon,Bug,Flying,Shield Dust,Compound Eyes,Friend Guard,666,80,52,50,90,50,89
Litleo,Pyroar,Fire,Normal,Rivalry,Unnerve,Moxie,667,62,50,58,73,54,72
Pyroar,Pyroar,Fire,Normal,Rivalry,Unnerve,Moxie,668,86,68,72,109,66,106
Flabébé,Florges,Fairy,Fairy,Flower Veil,,Symbiosis,669,44,38,39,61,79,42
Floette,Florges,Fairy,Fairy,Flower Veil,,Symbiosis,670,54,45,47,75,98,52
Florges,Florges,Fairy,Fairy,Flower Veil,,Symbiosis,671,78,65,68,112,154,75
Skiddo,Gogoat,Grass,Grass,Sap Sipper,,Grass Pelt,672,66,65,48,62,57,52
Gogoat,Gogoat,Grass,Grass,Sap Sipper,,Grass Pelt,673,123,100,62,97,81,68
Pancham,Pangoro,Fighting,Fighting,Iron Fist,Mold Breaker,Scrappy,674,67,82,62,46,48,43
Pangoro,Pangoro,Fighting,Dark,Iron Fist,Mold Breaker,Scrappy,675,95,124,78,69,71,58
Furfrou,Furfrou,Normal,Normal,Fur Coat,,,676,75,80,60,65,90,102
Espurr,Espurr,Psychic,Psychic,Keen Eye,Infiltrator,Own Tempo,677,62,48,54,63,60,68
Meowstic-M,Meowstic-M,Psychic,Psychic,Keen Eye,Infiltrator,Prankster,678,74,48,76,83,81,104
Meowstic-F,Meowstic-F,Psychic,Psychic,Keen Eye,Infiltrator,Competitive,678,74,48,76,83,81,104
Honedge,,Steel,Ghost,No Guard,,,679,45,80,100,35,37,28
Doublade,,Steel,Ghost,No Guard,,,680,59,110,150,45,49,35
Aegislash,Aegislash,Steel,Ghost,Stance Change,,,681,60,50,140,50,140,60
Aegislash-Blade,Aegislash-Blade,Steel,Ghost,Stance Change,,,681,60,140,50,140,50,60
Spritzee,Aromatisse,Fairy,Fairy,Healer,,Aroma Veil,682,78,52,60,63,65,23
Aromatisse,Aromatisse,Fairy,Fairy,Healer,,Aroma Veil,683,101,72,72,99,89,29
Swirlix,Slurpuff,Fairy,Fairy,Sweet Veil,,Unburden,684,62,48,66,59,57,49
Slurpuff,Slurpuff,Fairy,Fairy,Sweet Veil,,Unburden,685,82,80,86,85,75,72
Inkay,Malamar,Dark,Psychic,Contrary,Suction Cups,Infiltrator,686,53,54,53,37,46,45
Malamar,Malamar,Dark,Psychic,Contrary,Suction Cups,Infiltrator,687,86,92,88,68,75,73
Binacle,Barbaracle,Rock,Water,Sniper,Tough Claws,Pickpocket,688,42,52,67,39,56,50
Barbaracle,Barbaracle,Rock,Water,Sniper,Tough Claws,Pickpocket,689,72,105,115,54,86,68
Skrelp,Dragalge,Poison,Water,Poison Point,Poison Touch,Adaptability,690,50,60,60,60,60,30
Dragalge,Dragalge,Poison,Dragon,Poison Point,Poison Touch,Adaptability,691,65,75,90,97,123,44
Clauncher,Clawitzer,Water,Water,Mega Launcher,,,692,50,53,62,58,63,44
Clawitzer,Clawitzer,Water,Water,Mega Launcher,,,693,71,73,88,120,89,59
Helioptile,Heliolisk,Electric,Normal,Dry Skin,Sand Veil,Solar Power,694,44,38,33,61,43,70
Heliolisk,Heliolisk,Electric,Normal,Dry Skin,Sand Veil,Solar Power,695,62,55,52,109,94,109
Tyrunt,Tyrantrum,Rock,Dragon,Strong Jaw,,Sturdy,696,58,89,77,45,45,48
Tyrantrum,Tyrantrum,Rock,Dragon,Strong Jaw,,Rock Head,697,82,121,119,69,59,71
Amaura,Aurorus,Rock,Ice,Refrigerate,,Snow Warning,698,77,59,50,67,63,46
Aurorus,Aurorus,Rock,Ice,Refrigerate,,Snow Warning,699,123,77,72,99,92,58
Sylveon,Sylveon,Fairy,Fairy,Cute Charm,,Pixilate,700,95,65,65,110,130,60
Hawlucha,Hawlucha,Fighting,Flying,Limber,Unburden,Mold Breaker,701,78,92,75,74,63,118
Dedenne,Dedenne,Electric,Fairy,Cheek Pouch,Pickup,Plus,702,67,58,57,81,67,101
Carbink,Carbink,Rock,Fairy,Clear Body,,Sturdy,703,50,50,150,50,150,50
Goomy,Goomy,Dragon,Dragon,Sap Sipper,Hydration,Gooey,704,45,50,35,55,75,40
Sliggoo,Sliggoo,Dragon,Dragon,Sap Sipper,Hydration,Gooey,705,68,75,53,83,113,60
Sliggoo-Hisui,Sliggoo-Hisui,Steel,Dragon,Sap Sipper,Shell Armor,Gooey,705,58,75,83,83,113,40
Goodra,Goodra,Dragon,Dragon,Sap Sipper,Hydration,Gooey,706,90,100,70,110,150,80
Goodra-Hisui,Goodra-Hisui,Steel,Dragon,Sap Sipper,Shell Armor,Gooey,706,80,100,100,110,150,60
Klefki,Klefki,Steel,Fairy,Prankster,,Magician,707,57,80,91,80,87,75
Phantump,Trevenant,Ghost,Grass,Natural Cure,Frisk,Harvest,708,43,70,48,50,60,38
Trevenant,Trevenant,Ghost,Grass,Natural Cure,Frisk,Harvest,709,85,110,76,65,82,56
Pumpkaboo,Pumpkaboo,Ghost,Grass,Pickup,Frisk,Insomnia,710,49,66,70,44,55,51
Pumpkaboo-Small,Pumpkaboo-Small,Ghost,Grass,Pickup,Frisk,Insomnia,710,44,66,70,44,55,56
Pumpkaboo-Large,Pumpkaboo-Large,Ghost,Grass,Pickup,Frisk,Insomnia,710,54,66,70,44,55,46
Pumpkaboo-Super,Pumpkaboo-Super,Ghost,Grass,Pickup,Frisk,Insomnia,710,59,66,70,44,55,41
Gourgeist,Gourgeist,Ghost,Grass,Pickup,Frisk,Insomnia,711,65,90,122,58,75,84
Gourgeist-Small,Gourgeist-Small,Ghost,Grass,Pickup,Frisk,Insomnia,711,55,85,122,58,75,99
Gourgeist-Large,Gourgeist-Large,Ghost,Grass,Pickup,Frisk,Insomnia,711,75,95,122,58,75,69
Gourgeist-Super,Gourgeist-Super,Ghost,Grass,Pickup,Frisk,Insomnia,711,85,100,122,58,75,54
Bergmite,Bergmite,Ice,Ice,Own Tempo,Ice Body,Sturdy,712,55,69,85,32,35,28
Avalugg,Avalugg,Ice,Ice,Own Tempo,Ice Body,Sturdy,713,95,117,184,44,46,28
Avalugg-Hisui,Avalugg-Hisui,Ice,Rock,Strong Jaw,Ice Body,Sturdy,713,95,127,184,34,36,38
Noibat,Noivern,Flying,Dragon,Frisk,Infiltrator,Telepathy,714,40,30,35,45,40,55
Noivern,Noivern,Flying,Dragon,Frisk,Infiltrator,Telepathy,715,85,70,80,97,80,123
Xerneas,Xerneas,Fairy,Fairy,Fairy Aura,,,716,126,131,95,131,98,99
Yveltal,Yveltal,Dark,Flying,Dark Aura,,,717,126,131,95,131,98,99
Zygarde,Zygarde,Dragon,Ground,Aura Break,Power Construct,,718,108,100,121,81,95,95
Zygarde-10%,Zygarde-10%,Dragon,Ground,Aura Break,Power Construct,,718,54,100,71,61,85,115
Zygarde-Complete,Zygarde-Complete,Dragon,Ground,Power Construct,,,718,216,100,121,91,95,85
Diancie,Diancie,Rock,Fairy,Clear Body,,,719,50,100,150,100,150,50
Diancie-Mega,Diancie-Mega,Rock,Fairy,Magic Bounce,,,719,50,160,110,160,110,110
Hoopa,Hoopa,Psychic,Ghost,Magician,,,720,80,110,60,150,130,70
Hoopa-Unbound,Hoopa-Unbound,Psychic,Dark,Magician,,,720,80,160,60,170,130,80
Volcanion,Volcanion,Fire,Water,Water Absorb,,,721,80,110,120,130,90,70
Rowlet,Dartrix,Grass,Flying,Overgrow,,Long Reach,722,68,55,55,50,50,42
Dartrix,Dartrix,Grass,Flying,Overgrow,,Long Reach,723,78,75,75,70,70,52
Decidueye,Decidueye,Grass,Ghost,Overgrow,,Long Reach,724,78,107,75,100,100,70
Decidueye-Hisui,Decidueye-Hisui,Grass,Fighting,Overgrow,,Scrappy,724,88,112,80,95,95,60
Litten,Incineroar,Fire,Fire,Blaze,,Intimidate,725,45,65,40,60,40,70
Torracat,Incineroar,Fire,Fire,Blaze,,Intimidate,726,65,85,50,80,50,90
Incineroar,Incineroar,Fire,Dark,Blaze,,Intimidate,727,95,115,90,80,90,60
Popplio,Primarina,Water,Water,Torrent,,Liquid Voice,728,50,54,54,66,56,40
Brionne,Primarina,Water,Water,Torrent,,Liquid Voice,729,60,69,69,91,81,50
Primarina,Primarina,Water,Fairy,Torrent,,Liquid Voice,730,80,74,74,126,116,60
Pikipek,Toucannon,Normal,Flying,Keen Eye,Skill Link,Pickup,731,35,75,30,30,30,65
Trumbeak,Toucannon,Normal,Flying,Keen Eye,Skill Link,Pickup,732,55,85,50,40,50,75
Toucannon,Toucannon,Normal,Flying,Keen Eye,Skill Link,Sheer Force,733,80,120,75,75,75,60
Yungoos,Gumshoos,Normal,Normal,Strong Jaw,Stakeout,Adaptability,734,48,70,30,30,30,45
Gumshoos,Gumshoos,Normal,Normal,Strong Jaw,Stakeout,Adaptability,735,88,110,60,55,60,45
Grubbin,Vikavolt,Bug,Bug,Swarm,,,736,47,62,45,55,45,46
Charjabug,Vikavolt,Bug,Electric,Battery,,,737,57,82,95,55,75,36
Vikavolt,Vikavolt,Bug,Electric,Levitate,,,738,77,70,90,145,75,43
Crabrawler,Crabominable,Fighting,Fighting,Hyper Cutter,Iron Fist,Anger Point,739,47,82,57,42,47,63
Crabominable,Crabominable,Fighting,Ice,Hyper Cutter,Iron Fist,Anger Point,740,97,132,77,62,67,43
Oricorio,Oricorio,Fire,Flying,Dancer,,,741,75,70,70,98,70,93
Oricorio-Pom-Pom,Oricorio-Pom-Pom,Electric,Flying,Dancer,,,741,75,70,70,98,70,93
Oricorio-Pa'u,Oricorio-Pa'u,Psychic,Flying,Dancer,,,741,75,70,70,98,70,93
Oricorio-Sensu,Oricorio-Sensu,Ghost,Flying,Dancer,,,741,75,70,70,98,70,93
Cutiefly,Ribombee,Bug,Fairy,Honey Gather,Shield Dust,Sweet Veil,742,40,45,40,55,40,84
Ribombee,Ribombee,Bug,Fairy,Honey Gather,Shield Dust,Sweet Veil,743,60,55,60,95,70,124
Rockruff,Rockruff,Rock,Rock,Keen Eye,Vital Spirit,Steadfast,744,45,65,40,30,40,60
Rockruff,Rockruff,Rock,Rock,Own Tempo,,,744,45,65,40,30,40,60
Lycanroc,Lycanroc,Rock,Rock,Keen Eye,Sand Rush,Steadfast,745,75,115,65,55,65,112
Lycanroc-Midnight,Lycanroc-Midnight,Rock,Rock,Keen Eye,Vital Spirit,No Guard,745,85,115,75,55,75,82
Lycanroc-Dusk,Lycanroc-Dusk,Rock,Rock,Tough Claws,,,745,75,117,65,55,65,110
Wishiwashi,Wishiwashi,Water,Water,Schooling,,,746,45,20,20,25,25,40
Wishiwashi-School,Wishiwashi-School,Water,Water,Schooling,,,746,45,140,130,140,135,30
Mareanie,Toxapex,Poison,Water,Merciless,Limber,Regenerator,747,50,53,62,43,52,45
Toxapex,Toxapex,Poison,Water,Merciless,Limber,Regenerator,748,50,63,152,53,142,35
Mudbray,Mudsdale,Ground,Ground,Own Tempo,Stamina,Inner Focus,749,70,100,70,45,55,45
Mudsdale,Mudsdale,Ground,Ground,Own Tempo,Stamina,Inner Focus,750,100,125,100,55,85,35
Dewpider,Araquanid,Water,Bug,Water Bubble,,Water Absorb,751,38,40,52,40,72,27
Araquanid,Araquanid,Water,Bug,Water Bubble,,Water Absorb,752,68,70,92,50,132,42
Fomantis,Lurantis,Grass,Grass,Leaf Guard,,Contrary,753,40,55,35,50,35,35
Lurantis,Lurantis,Grass,Grass,Leaf Guard,,Contrary,754,70,105,90,80,90,45
Morelull,Shiinotic,Grass,Fairy,Illuminate,Effect Spore,Rain Dish,755,40,35,55,65,75,15
Shiinotic,Shiinotic,Grass,Fairy,Illuminate,Effect Spore,Rain Dish,756,60,45,80,90,100,30
Salandit,Salazzle,Poison,Fire,Corrosion,,Oblivious,757,48,44,40,71,40,77
Salazzle,Salazzle,Poison,Fire,Corrosion,,Oblivious,758,68,64,60,111,60,117
Stufful,Bewear,Normal,Fighting,Fluffy,Klutz,Cute Charm,759,70,75,50,45,50,50
Bewear,Bewear,Normal,Fighting,Fluffy,Klutz,Unnerve,760,120,125,80,55,60,60
Bounsweet,Tsareena,Grass,Grass,Leaf Guard,Oblivious,Sweet Veil,761,42,30,38,30,38,32
Steenee,Tsareena,Grass,Grass,Leaf Guard,Oblivious,Sweet Veil,762,52,40,48,40,48,62
Tsareena,Tsareena,Grass,Grass,Leaf Guard,Queenly Majesty,Sweet Veil,763,72,120,98,50,98,72
Comfey,Comfey,Fairy,Fairy,Flower Veil,Triage,Natural Cure,764,51,52,90,82,110,100
Oranguru,Oranguru,Normal,Psychic,Inner Focus,Telepathy,Symbiosis,765,90,60,80,90,110,60
Passimian,Passimian,Fighting,Fighting,Receiver,,Defiant,766,100,120,90,40,60,80
Wimpod,Golisopod,Bug,Water,Wimp Out,,,767,25,35,40,20,30,80
Golisopod,Golisopod,Bug,Water,Emergency Exit,,,768,75,125,140,60,90,40
Sandygast,Palossand,Ghost,Ground,Water Compaction,,Sand Veil,769,55,55,80,70,45,15
Palossand,Palossand,Ghost,Ground,Water Compaction,,Sand Veil,770,85,75,110,100,75,35
Pyukumuku,Pyukumuku,Water,Water,Innards Out,,Unaware,771,55,60,130,30,130,5
Type: Null,Silvally,Normal,Normal,Battle Armor,,,772,95,95,95,95,95,59
Silvally,Silvally,Normal,Normal,RKS System,,,773,95,95,95,95,95,95
Minior-Meteor,Minior-Meteor,Rock,Flying,Shields Down,,,774,60,60,100,60,100,60
Minior,Minior,Rock,Flying,Shields Down,,,774,60,100,60,100,60,120
Komala,Komala,Normal,Normal,Comatose,,,775,65,115,65,75,95,65
Turtonator,Turtonator,Fire,Dragon,Shell Armor,,,776,60,78,135,91,85,36
Togedemaru,Togedemaru,Electric,Steel,Iron Barbs,Lightning Rod,Sturdy,777,65,98,63,40,73,96
Mimikyu,Mimikyu,Ghost,Fairy,Disguise,,,778,55,90,80,50,105,96
Bruxish,Bruxish,Water,Psychic,Dazzling,Strong Jaw,Wonder Skin,779,68,105,70,70,70,92
Drampa,Drampa,Normal,Dragon,Berserk,Sap Sipper,Cloud Nine,780,78,60,85,135,91,36
Dhelmise,Dhelmise,Ghost,Grass,Steelworker,,,781,70,131,100,86,90,40
Jangmo-o,Kommo-o,Dragon,Dragon,Bulletproof,Soundproof,Overcoat,782,45,55,65,45,45,45
Hakamo-o,Kommo-o,Dragon,Fighting,Bulletproof,Soundproof,Overcoat,783,55,75,90,65,70,65
Kommo-o,Kommo-o,Dragon,Fighting,Bulletproof,Soundproof,Overcoat,784,75,110,125,100,105,85
Tapu Koko,Tapu Koko,Electric,Fairy,Electric Surge,,Telepathy,785,70,115,85,95,75,130
Tapu Lele,Tapu Lele,Psychic,Fairy,Psychic Surge,,Telepathy,786,70,85,75,130,115,95
Tapu Bulu,Tapu Bulu,Grass,Fairy,Grassy Surge,,Telepathy,787,70,130,115,85,95,75
Tapu Fini,Tapu Fini,Water,Fairy,Misty Surge,,Telepathy,788,70,75,115,95,130,85
Cosmog,Cosmoem,Psychic,Psychic,Unaware,,,789,43,29,31,29,31,37
Cosmoem,Cosmoem,Psychic,Psychic,Sturdy,,,790,43,29,131,29,131,37
Solgaleo,Solgaleo,Psychic,Steel,Full Metal Body,,,791,137,137,107,113,89,97
Lunala,Lunala,Psychic,Ghost,Shadow Shield,,,792,137,113,89,137,107,97
Nihilego,Nihilego,Rock,Poison,Beast Boost,,,793,109,53,47,127,131,103
Buzzwole,Buzzwole,Bug,Fighting,Beast Boost,,,794,107,139,139,53,53,79
Pheromosa,Pheromosa,Bug,Fighting,Beast Boost,,,795,71,137,37,137,37,151
Xurkitree,Xurkitree,Electric,Electric,Beast Boost,,,796,83,89,71,173,71,83
Celesteela,Celesteela,Steel,Flying,Beast Boost,,,797,97,101,103,107,101,61
Kartana,Kartana,Grass,Steel,Beast Boost,,,798,59,181,131,59,31,109
Guzzlord,Guzzlord,Dark,Dragon,Beast Boost,,,799,223,101,53,97,53,43
Necrozma,Necrozma,Psychic,Psychic,Prism Armor,,,800,97,107,101,127,89,79
Necrozma-Dusk-Mane,Necrozma-Dusk-Mane,Psychic,Steel,Prism Armor,,,800,97,157,127,113,109,77
Necrozma-Dawn-Wings,Necrozma-Dawn-Wings,Psychic,Ghost,Prism Armor,,,800,97,113,109,157,127,77
Necrozma-Ultra,Necrozma-Ultra,Psychic,Dragon,Neuroforce,,,800,97,167,97,167,97,129
Magearna,Magearna,Steel,Fairy,Soul-Heart,,,801,80,95,115,130,115,65
Marshadow,Marshadow,Fighting,Ghost,Technician,,,802,90,125,80,90,90,125
Poipole,Naganadel,Poison,Poison,Beast Boost,,,803,67,73,67,73,67,73
Naganadel,Naganadel,Poison,Dragon,Beast Boost,,,804,73,73,73,127,73,121
Stakataka,Stakataka,Rock,Steel,Beast Boost,,,805,61,131,211,53,101,13
Blacephalon,Blacephalon,Fire,Ghost,Beast Boost,,,806,53,127,53,151,79,107
Zeraora,Zeraora,Electric,Electric,Volt Absorb,,,807,88,112,75,102,80,143
Meltan,Melmetal,Steel,Steel,Magnet Pull,,,808,46,65,65,55,35,34
Melmetal,Melmetal,Steel,Steel,Iron Fist,,,809,135,143,143,80,65,34
Grookey,Rillaboom,Grass,Grass,Overgrow,,Grassy Surge,810,50,65,50,40,40,65
Thwackey,Rillaboom,Grass,Grass,Overgrow,,Grassy Surge,811,70,85,70,55,60,80
Rillaboom,Rillaboom,Grass,Grass,Overgrow,,Grassy Surge,812,100,125,90,60,70,85
Scorbunny,Cinderace,Fire,Fire,Blaze,,Libero,813,50,71,40,40,40,69
Raboot,Cinderace,Fire,Fire,Blaze,,Libero,814,65,86,60,55,60,94
Cinderace,Cinderace,Fire,Fire,Blaze,,Libero,815,80,116,75,65,75,119
Sobble,Inteleon,Water,Water,Torrent,,Sniper,816,50,40,40,70,40,70
Drizzile,Inteleon,Water,Water,Torrent,,Sniper,817,65,60,55,95,55,90
Inteleon,Inteleon,Water,Water,Torrent,,Sniper,818,70,85,65,125,65,120
Skwovet,Greedent,Normal,Normal,Cheek Pouch,,Gluttony,819,70,55,55,35,35,25
Greedent,Greedent,Normal,Normal,Cheek Pouch,,Gluttony,820,120,95,95,55,75,20
Rookidee,Corviknight,Flying,Flying,Keen Eye,Unnerve,Big Pecks,821,38,47,35,33,35,57
Corvisquire,Corviknight,Flying,Flying,Keen Eye,Unnerve,Big Pecks,822,68,67,55,43,55,77
Corviknight,Corviknight,Flying,Steel,Pressure,Unnerve,Mirror Armor,823,98,87,105,53,85,67
Blipbug,Orbeetle,Bug,Bug,Swarm,Compound Eyes,Telepathy,824,25,20,20,25,45,45
Dottler,Orbeetle,Bug,Psychic,Swarm,Compound Eyes,Telepathy,825,50,35,80,50,90,30
Orbeetle,Orbeetle,Bug,Psychic,Swarm,Frisk,Telepathy,826,60,45,110,80,120,90
Nickit,Thievul,Dark,Dark,Run Away,Unburden,Stakeout,827,40,28,28,47,52,50
Thievul,Thievul,Dark,Dark,Run Away,Unburden,Stakeout,828,70,58,58,87,92,90
Gossifleur,Eldegoss,Grass,Grass,Cotton Down,Regenerator,Effect Spore,829,40,40,60,40,60,10
Eldegoss,Eldegoss,Grass,Grass,Cotton Down,Regenerator,Effect Spore,830,60,50,90,80,120,60
Wooloo,Dubwool,Normal,Normal,Fluffy,Run Away,Bulletproof,831,42,40,55,40,45,48
Dubwool,Dubwool,Normal,Normal,Fluffy,Steadfast,Bulletproof,832,72,80,100,60,90,88
Chewtle,Drednaw,Water,Water,Strong Jaw,Shell Armor,Swift Swim,833,50,64,50,38,38,44
Drednaw,Drednaw,Water,Rock,Strong Jaw,Shell Armor,Swift Swim,834,90,115,90,48,68,74
Yamper,Boltund,Electric,Electric,Ball Fetch,,Rattled,835,59,45,50,40,50,26
Boltund,Boltund,Electric,Electric,Strong Jaw,,Competitive,836,69,90,60,90,60,121
Rolycoly,Coalossal,Rock,Rock,Steam Engine,Heatproof,Flash Fire,837,30,40,50,40,50,30
Carkol,Coalossal,Rock,Fire,Steam Engine,Flame Body,Flash Fire,838,80,60,90,60,70,50
Coalossal,Coalossal,Rock,Fire,Steam Engine,Flame Body,Flash Fire,839,110,80,120,80,90,30
Applin,Applin,Grass,Dragon,Ripen,Gluttony,Bulletproof,840,40,40,80,40,40,20
Flapple,Flapple,Grass,Dragon,Ripen,Gluttony,Hustle,841,70,110,80,95,60,70
Appletun,Appletun,Grass,Dragon,Ripen,Gluttony,Thick Fat,842,110,85,80,100,80,30
Silicobra,Sandaconda,Ground,Ground,Sand Spit,Shed Skin,Sand Veil,843,52,57,75,35,50,46
Sandaconda,Sandaconda,Ground,Ground,Sand Spit,Shed Skin,Sand Veil,844,72,107,125,65,70,71
Cramorant,Cramorant,Flying,Water,Gulp Missile,,,845,70,85,55,85,95,85
Arrokuda,Barraskewda,Water,Water,Swift Swim,,Propeller Tail,846,41,63,40,40,30,66
Barraskewda,Barraskewda,Water,Water,Swift Swim,,Propeller Tail,847,61,123,60,60,50,136
Toxel,Toxel,Electric,Poison,Rattled,Static,Klutz,848,40,38,35,54,35,40
Toxtricity,Toxtricity,Electric,Poison,Punk Rock,Plus,Technician,849,75,98,70,114,70,75
Toxtricity-Low-Key,Toxtricity-Low-Key,Electric,Poison,Punk Rock,Minus,Technician,849,75,98,70,114,70,75
Sizzlipede,Centiskorch,Fire,Bug,Flash Fire,White Smoke,Flame Body,850,50,65,45,50,50,45
Centiskorch,Centiskorch,Fire,Bug,Flash Fire,White Smoke,Flame Body,851,100,115,65,90,90,65
Clobbopus,Grapploct,Fighting,Fighting,Limber,,Technician,852,50,68,60,50,50,32
Grapploct,Grapploct,Fighting,Fighting,Limber,,Technician,853,80,118,90,70,80,42
Sinistea,Polteageist,Ghost,Ghost,Weak Armor,,Cursed Body,854,40,45,45,74,54,50
Polteageist,Polteageist,Ghost,Ghost,Weak Armor,,Cursed Body,855,60,65,65,134,114,70
Hatenna,Hatterene,Psychic,Psychic,Healer,Anticipation,Magic Bounce,856,42,30,45,56,53,39
Hattrem,Hatterene,Psychic,Psychic,Healer,Anticipation,Magic Bounce,857,57,40,65,86,73,49
Hatterene,Hatterene,Psychic,Fairy,Healer,Anticipation,Magic Bounce,858,57,90,95,136,103,29
Impidimp,Grimmsnarl,Dark,Fairy,Prankster,Frisk,Pickpocket,859,45,45,30,55,40,50
Morgrem,Grimmsnarl,Dark,Fairy,Prankster,Frisk,Pickpocket,860,65,60,45,75,55,70
Grimmsnarl,Grimmsnarl,Dark,Fairy,Prankster,Frisk,Pickpocket,861,95,120,65,95,75,60
Obstagoon,Obstagoon,Dark,Normal,Reckless,Guts,Defiant,862,93,90,101,60,81,95
Perrserker,Perrserker,Steel,Steel,Battle Armor,Tough Claws,Steely Spirit,863,70,110,100,50,60,50
Cursola,Cursola,Ghost,Ghost,Weak Armor,,Perish Body,864,60,95,50,145,130,30
Sirfetch'd,Sirfetch'd,Fighting,Fighting,Steadfast,,Scrappy,865,62,135,95,68,82,65
Mr. Rime,Mr. Rime,Ice,Psychic,Tangled Feet,Screen Cleaner,Ice Body,866,80,85,75,110,100,70
Runerigus,Runerigus,Ground,Ghost,Wandering Spirit,,,867,58,95,145,50,105,30
Milcery,Alcremie,Fairy,Fairy,Sweet Veil,,Aroma Veil,868,45,40,40,50,61,34
Alcremie,Alcremie,Fairy,Fairy,Sweet Veil,,Aroma Veil,869,65,60,75,110,121,64
Falinks,Falinks,Fighting,Fighting,Battle Armor,,Defiant,870,65,100,100,70,60,75
Pincurchin,Pincurchin,Electric,Electric,Lightning Rod,,Electric Surge,871,48,101,95,91,85,15
Snom,Frosmoth,Ice,Bug,Shield Dust,,Ice Scales,872,30,25,35,45,30,20
Frosmoth,Frosmoth,Ice,Bug,Shield Dust,,Ice Scales,873,70,65,60,125,90,65
Stonjourner,Stonjourner,Rock,Rock,Power Spot,,,874,100,125,135,20,20,70
Eiscue,Eiscue,Ice,Ice,Ice Face,,,875,75,80,110,65,90,50
Eiscue-Noice,Eiscue-Noice,Ice,Ice,Ice Face,,,875,75,80,70,65,50,130
Indeedee-M,Indeedee-M,Psychic,Normal,Inner Focus,Synchronize,Psychic Surge,876,60,65,55,105,95,95
Indeedee-F,Indeedee-F,Psychic,Normal,Own Tempo,Synchronize,Psychic Surge,876,70,55,65,95,105,85
Morpeko,Morpeko,Electric,Dark,Hunger Switch,,,877,58,95,58,70,58,97
Morpeko-Hangry,Morpeko-Hangry,Electric,Dark,Hunger Switch,,,877,58,95,58,70,58,97
Cufant,Copperajah,Steel,Steel,Sheer Force,,Heavy Metal,878,72,80,49,40,49,40
Copperajah,Copperajah,Steel,Steel,Sheer Force,,Heavy Metal,879,122,130,69,80,69,30
Dracozolt,Dracozolt,Electric,Dragon,Volt Absorb,Hustle,Sand Rush,880,90,100,90,80,70,75
Arctozolt,Arctozolt,Electric,Ice,Volt Absorb,Static,Slush Rush,881,90,100,90,90,80,55
Dracovish,Dracovish,Water,Dragon,Water Absorb,Strong Jaw,Sand Rush,882,90,90,100,70,80,75
Arctovish,Arctovish,Water,Ice,Water Absorb,Ice Body,Slush Rush,883,90,90,100,80,90,55
Duraludon,Duraludon,Steel,Dragon,Light Metal,Heavy Metal,Stalwart,884,70,95,115,120,50,85
Dreepy,Dragapult,Dragon,Ghost,Clear Body,Infiltrator,Cursed Body,885,28,60,30,40,30,82
Drakloak,Dragapult,Dragon,Ghost,Clear Body,Infiltrator,Cursed Body,886,68,80,50,60,50,102
Dragapult,Dragapult,Dragon,Ghost,Clear Body,Infiltrator,Cursed Body,887,88,120,75,100,75,142
Zacian,Zacian,Fairy,Fairy,Intrepid Sword,,,888,92,120,115,80,115,138
Zacian-Crowned,Zacian-Crowned,Fairy,Steel,Intrepid Sword,,,888,92,150,115,80,115,148
Zamazenta,Zamazenta,Fighting,Fighting,Dauntless Shield,,,889,92,120,115,80,115,138
Zamazenta-Crowned,Zamazenta-Crowned,Fighting,Steel,Dauntless Shield,,,889,92,120,140,80,140,128
Eternatus,Eternatus,Poison,Dragon,Pressure,,,890,140,85,95,145,95,130
Eternatus-Eternamax,Eternatus-Eternamax,Poison,Dragon,Pressure,,,890,255,115,250,125,250,130
Kubfu,Kubfu,Fighting,Fighting,Inner Focus,,,891,60,90,60,53,50,72
Urshifu,Urshifu,Fighting,Dark,Unseen Fist,,,892,100,130,100,63,60,97
Urshifu-Rapid-Strike,Urshifu-Rapid-Strike,Fighting,Water,Unseen Fist,,,892,100,130,100,63,60,97
Zarude,Zarude,Dark,Grass,Leaf Guard,,,893,105,120,105,70,95,105
Regieleki,Regieleki,Electric,Electric,Transistor,,,894,80,100,50,100,50,200
Regidrago,Regidrago,Dragon,Dragon,Dragon's Maw,,,895,200,100,50,100,50,80
Glastrier,Glastrier,Ice,Ice,Chilling Neigh,,,896,100,145,130,65,110,30
Spectrier,Spectrier,Ghost,Ghost,Grim Neigh,,,897,100,65,60,145,80,130
Calyrex,Calyrex,Psychic,Grass,Unnerve,,,898,100,80,80,80,80,80
Calyrex-Ice,Calyrex-Ice,Psychic,Ice,As One,,,898,100,165,150,85,130,50
Calyrex-Shadow,Calyrex-Shadow,Psychic,Ghost,As One,,,898,100,85,80,165,100,150
Wyrdeer,Wyrdeer,Normal,Psychic,Intimidate,Frisk,Sap Sipper,899,103,105,72,105,75,65
Kleavor,Kleavor,Bug,Rock,Swarm,Sheer Force,Sharpness,900,70,130,95,45,75,85
Ursaluna,Ursaluna,Ground,Normal,Guts,Bulletproof,Unnerve,901,130,140,105,45,80,50
Basculegion-M,Basculegion-M,Water,Ghost,Swift Swim,Adaptability,Mold Breaker,902,120,112,65,80,75,78
Basculegion-F,Basculegion-F,Water,Ghost,Swift Swim,Adaptability,Mold Breaker,902,120,92,65,100,75,78
Sneasler,Sneasler,Poison,Fighting,Pressure,Unburden,Poison Touch,903,80,130,60,40,80,120
Overqwil,Overqwil,Dark,Poison,Poison Point,Swift Swim,Intimidate,904,85,115,95,65,65,85
Enamorus,Enamorus,Fairy,Flying,Cute Charm,,Contrary,905,74,115,70,135,80,106
Enamorus-Therian,Enamorus-Therian,Fairy,Flying,Overcoat,,,905,74,115,110,135,100,46
Sprigatito,Meowscarada,Grass,Grass,Overgrow,,Protean,906,40,61,54,45,45,65
Floragato,Meowscarada,Grass,Grass,Overgrow,,Protean,907,61,80,63,60,63,83
Meowscarada,Meowscarada,Grass,Dark,Overgrow,,Protean,908,76,110,70,81,70,123
Fuecoco,Skeledirge,Fire,Fire,Blaze,,Unaware,909,67,45,59,63,40,36
Crocalor,Skeledirge,Fire,Fire,Blaze,,Unaware,910,81,55,78,90,58,49
Skeledirge,Skeledirge,Fire,Ghost,Blaze,,Unaware,911,104,75,100,110,75,66
Quaxly,Quaquaval,Water,Water,Torrent,,Moxie,912,55,65,45,50,45,50
Quaxwell,Quaquaval,Water,Water,Torrent,,Moxie,913,70,85,65,65,60,65
Quaquaval,Quaquaval,Water,Fighting,Torrent,,Moxie,914,85,120,80,85,75,85
Lechonk,Lechonk,Normal,Normal,Aroma Veil,Gluttony,Thick Fat,915,54,45,40,35,45,35
Oinkologne-M,Oinkologne-M,Normal,Normal,Lingering Aroma,Gluttony,Thick Fat,916,110,100,75,59,80,65
Oinkologne-F,Oinkologne-F,Normal,Normal,Aroma Veil,Gluttony,Thick Fat,916,115,90,70,59,90,65
Tarountula,Spidops,Bug,Bug,Insomnia,,Stakeout,917,35,41,45,29,40,20
Spidops,Spidops,Bug,Bug,Insomnia,,Stakeout,918,60,79,92,52,86,35
Nymble,Lokix,Bug,Bug,Swarm,,Tinted Lens,919,33,46,40,21,25,45
Lokix,Lokix,Bug,Dark,Swarm,,Tinted Lens,920,71,102,78,52,55,92
Pawmi,Pawmot,Electric,Electric,Static,Natural Cure,Iron Fist,921,45,50,20,40,25,60
Pawmo,Pawmot,Electric,Fighting,Volt Absorb,Natural Cure,Iron Fist,922,60,75,40,50,40,85
Pawmot,Pawmot,Electric,Fighting,Volt Absorb,Natural Cure,Iron Fist,923,70,115,70,70,60,105
Tandemaus,Tandemaus,Normal,Normal,Run Away,Pickup,Own Tempo,924,50,50,45,40,45,75
Maushold,Maushold,Normal,Normal,Friend Guard,Cheek Pouch,Technician,925,74,75,70,65,75,111
Maushold-Four,Maushold-Four,Normal,Normal,Friend Guard,Cheek Pouch,Technician,925,74,75,70,65,75,111
Fidough,Dachsbun,Fairy,Fairy,Own Tempo,,Klutz,926,37,55,70,30,55,65
Dachsbun,Dachsbun,Fairy,Fairy,Well-Baked Body,,Aroma Veil,927,57,80,115,50,80,95
Smoliv,Arboliva,Grass,Normal,Early Bird,,Harvest,928,41,35,45,58,51,30
Dolliv,Arboliva,Grass,Normal,Early Bird,,Harvest,929,52,53,60,78,78,33
Arboliva,Arboliva,Grass,Normal,Seed Sower,,Harvest,930,78,69,90,125,109,39
Squawkabilly,Squawkabilly,Normal,Flying,Intimidate,Hustle,Guts,931,82,96,51,45,51,92
Squawkabilly-Blue,Squawkabilly-Blue,Normal,Flying,Intimidate,Hustle,Guts,931,82,96,51,45,51,92
Squawkabilly-Yellow,Squawkabilly-Yellow,Normal,Flying,Intimidate,Hustle,Sheer Force,931,82,96,51,45,51,92
Squawkabilly-White,Squawkabilly-White,Normal,Flying,Intimidate,Hustle,Sheer Force,931,82,96,51,45,51,92
Nacli,Garganacl,Rock,Rock,Purifying Salt,Sturdy,Clear Body,932,55,55,75,35,35,25
Naclstack,Garganacl,Rock,Rock,Purifying Salt,Sturdy,Clear Body,933,60,60,100,35,65,35
Garganacl,Garganacl,Rock,Rock,Purifying Salt,Sturdy,Clear Body,934,100,100,130,45,90,35
Charcadet,Charcadet,Fire,Fire,Flash Fire,,Flame Body,935,40,50,40,50,40,35
Armarouge,Armarouge,Fire,Psychic,Flash Fire,,Weak Armor,936,85,60,100,125,80,75
Ceruledge,Ceruledge,Fire,Ghost,Flash Fire,,Weak Armor,937,75,125,80,60,100,85
Tadbulb,Bellibolt,Electric,Electric,Own Tempo,Static,Damp,938,61,31,41,59,35,45
Bellibolt,Bellibolt,Electric,Electric,Electromorphosis,Static,Damp,939,109,64,91,103,83,45
Wattrel,Kilowattrel,Electric,Flying,Wind Power,Volt Absorb,Competitive,940,40,40,35,55,40,70
Kilowattrel,Kilowattrel,Electric,Flying,Wind Power,Volt Absorb,Competitive,941,70,70,60,105,60,125
Maschiff,Mabosstiff,Dark,Dark,Intimidate,Run Away,Stakeout,942,60,78,60,40,51,51
Mabosstiff,Mabosstiff,Dark,Dark,Intimidate,Guard Dog,Stakeout,943,80,120,90,60,70,85
Shroodle,Grafaiai,Poison,Normal,Unburden,Pickpocket,Prankster,944,40,65,35,40,35,75
Grafaiai,Grafaiai,Poison,Normal,Unburden,Poison Touch,Prankster,945,63,95,65,80,72,110
Bramblin,Brambleghast,Grass,Ghost,Wind Rider,,Infiltrator,946,40,65,30,45,35,60
Brambleghast,Brambleghast,Grass,Ghost,Wind Rider,,Infiltrator,947,55,115,70,80,70,90
Toedscool,Toedscruel,Ground,Grass,Mycelium Might,,,948,40,40,35,50,100,70
Toedscruel,Toedscruel,Ground,Grass,Mycelium Might,,,949,80,70,65,80,120,100
Klawf,Klawf,Rock,Rock,Anger Shell,Shell Armor,Regenerator,950,70,100,115,35,55,75
Capsakid,Scovillain,Grass,Grass,Chlorophyll,Insomnia,Klutz,951,50,62,40,62,40,50
Scovillain,Scovillain,Grass,Fire,Chlorophyll,Insomnia,Moody,952,65,108,65,108,65,75
Rellor,Rabsca,Bug,Bug,Compound Eyes,,Shed Skin,953,41,50,60,31,58,30
Rabsca,Rabsca,Bug,Psychic,Synchronize,,Telepathy,954,75,50,85,115,100,45
Flittle,Espathra,Psychic,Psychic,Anticipation,Frisk,Speed Boost,955,30,35,30,55,30,75
Espathra,Espathra,Psychic,Psychic,Opportunist,Frisk,Speed Boost,956,95,60,60,101,60,105
Tinkatink,Tinkaton,Fairy,Steel,Mold Breaker,Own Tempo,Pickpocket,957,50,45,45,35,64,58
Tinkatuff,Tinkaton,Fairy,Steel,Mold Breaker,Own Tempo,Pickpocket,958,65,55,55,45,82,78
Tinkaton,Tinkaton,Fairy,Steel,Mold Breaker,Own Tempo,Pickpocket,959,85,75,77,70,105,94
Wiglett,Wugtrio,Water,Water,Gooey,Rattled,Sand Veil,960,10,55,25,35,25,95
Wugtrio,Wugtrio,Water,Water,Gooey,Rattled,Sand Veil,961,35,100,50,50,70,120
Bombirdier,Bombirdier,Flying,Dark,Big Pecks,Keen Eye,Rocky Payload,962,70,103,85,60,85,82
Finizen,Palafin,Water,Water,Water Veil,,,963,70,45,40,45,40,75
Palafin,Palafin,Water,Water,Zero to Hero,,,964,100,70,72,53,62,100
Palafin-Hero,Palafin-Hero,Water,Water,Zero to Hero,,,964,100,160,97,106,87,100
Varoom,Revavroom,Steel,Poison,Overcoat,,Slow Start,965,45,70,63,30,45,47
Revavroom,Revavroom,Steel,Poison,Overcoat,,Filter,966,80,119,90,54,67,90
Cyclizar,Cyclizar,Dragon,Normal,Shed Skin,,Regenerator,967,70,95,65,85,65,121
Orthworm,Orthworm,Steel,Steel,Earth Eater,,Sand Veil,968,70,85,145,60,55,65
Glimmet,Glimmora,Rock,Poison,Toxic Debris,,Corrosion,969,48,35,42,105,60,60
Glimmora,Glimmora,Rock,Poison,Toxic Debris,,Corrosion,970,83,55,90,130,81,86
Greavard,Houndstone,Ghost,Ghost,Pickup,,Fluffy,971,50,61,60,30,55,34
Houndstone,Houndstone,Ghost,Ghost,Sand Rush,,Fluffy,972,72,101,100,50,97,68
Flamigo,Flamigo,Flying,Fighting,Scrappy,Tangled Feet,Costar,973,82,115,74,75,64,90
Cetoddle,Cetitan,Ice,Ice,Thick Fat,Snow Cloak,Sheer Force,974,108,68,45,30,40,43
Cetitan,Cetitan,Ice,Ice,Thick Fat,Slush Rush,Sheer Force,975,170,113,65,45,55,73
Veluza,Veluza,Water,Psychic,Mold Breaker,,Sharpness,976,90,102,73,78,65,70
Dondozo,Dondozo,Water,Water,Unaware,Oblivious,Water Veil,977,150,100,115,65,65,35
Tatsugiri,Tatsugiri,Dragon,Water,Commander,,Storm Drain,978,68,50,60,120,95,82
Annihilape,Annihilape,Fighting,Ghost,Vital Spirit,Inner Focus,Defiant,979,110,115,80,50,90,90
Clodsire,Clodsire,Poison,Ground,Poison Point,Water Absorb,Unaware,980,130,75,60,45,100,20
Farigiraf,Farigiraf,Normal,Psychic,Cud Chew,Armor Tail,Sap Sipper,981,120,90,70,110,70,60
Dudunsparce,Dudunsparce,Normal,Normal,Serene Grace,Run Away,Rattled,982,125,100,80,85,75,55
Dudunsparce-Three,Dudunsparce-Three,Normal,Normal,Serene Grace,Run Away,Rattled,982,125,100,80,85,75,55
Kingambit,Kingambit,Dark,Steel,Defiant,Supreme Overlord,Pressure,983,100,135,120,60,85,50
Great Tusk,Great Tusk,Ground,Fighting,Protosynthesis,,,984,115,131,131,53,53,87
Scream Tail,Scream Tail,Fairy,Psychic,Protosynthesis,,,985,115,65,99,65,115,111
Brute Bonnet,Brute Bonnet,Grass,Dark,Protosynthesis,,,986,111,127,99,79,99,55
Flutter Mane,Flutter Mane,Ghost,Fairy,Protosynthesis,,,987,55,55,55,135,135,135
Slither Wing,Slither Wing,Bug,Fighting,Protosynthesis,,,988,85,135,79,85,105,81
Sandy Shocks,Sandy Shocks,Electric,Ground,Protosynthesis,,,989,85,81,97,121,85,101
Iron Treads,Iron Treads,Ground,Steel,Quark Drive,,,990,90,112,120,72,70,106
Iron Bundle,Iron Bundle,Ice,Water,Quark Drive,,,991,56,80,114,124,60,136
Iron Hands,Iron Hands,Fighting,Electric,Quark Drive,,,992,154,140,108,50,68,50
Iron Jugulis,Iron Jugulis,Dark,Flying,Quark Drive,,,993,94,80,86,122,80,108
Iron Moth,Iron Moth,Fire,Poison,Quark Drive,,,994,80,70,60,140,110,110
Iron Thorns,Iron Thorns,Rock,Electric,Quark Drive,,,995,100,134,110,70,84,72
Frigibax,Baxcalibur,Dragon,Ice,Thermal Exchange,,Ice Body,996,65,75,45,35,45,55
Arctibax,Baxcalibur,Dragon,Ice,Thermal Exchange,,Ice Body,997,90,95,66,45,65,62
Baxcalibur,Baxcalibur,Dragon,Ice,Thermal Exchange,,Ice Body,998,115,145,92,75,86,87
Gimmighoul,Gholdengo,Ghost,Ghost,Rattled,,,999,45,30,70,75,70,10
Gimmighoul-Roaming,Gimmighoul-Roaming,Ghost,Ghost,Run Away,,,999,45,30,25,75,45,80
Gholdengo,Gholdengo,Steel,Ghost,Good as Gold,,,1000,87,60,95,133,91,84
Wo-Chien,Wo-Chien,Dark,Grass,Tablets of Ruin,,,1001,85,85,100,95,135,70
Chien-Pao,Chien-Pao,Dark,Ice,Sword of Ruin,,,1002,80,120,80,90,65,135
Ting-Lu,Ting-Lu,Dark,Ground,Vessel of Ruin,,,1003,155,110,125,55,80,45
Chi-Yu,Chi-Yu,Dark,Fire,Beads of Ruin,,,1004,55,80,80,135,120,100
Roaring Moon,Roaring Moon,Dragon,Dark,Protosynthesis,,,1005,105,139,71,55,101,119
Iron Valiant,Iron Valiant,Fairy,Fighting,Quark Drive,,,1006,74,130,90,120,60,116
Koraidon,Koraidon,Fighting,Dragon,Orichalcum Pulse,,,1007,100,135,115,85,100,135
Miraidon,Miraidon,Electric,Dragon,Hadron Engine,,,1008,100,85,100,135,115,135
